review_id,review_text,clean_text,tokens_clean,rating,review_date,bank_name,vader_compound,vader_sentiment,distilbert_label,distilbert_score,distilbert_num,themes_str
809c46d2-730e-446a-9061-2a45e978ad9d,good jop,good jop,"['good', 'jop']",5,2025-11-27,Bank of Abyssinia (BOA),0.4404,positive,positive,0.9998409748077393,1,Other
63f63b8b-016a-4262-a27e-f0de9ebf985a,ok,ok,['ok'],5,2025-11-27,Bank of Abyssinia (BOA),0.296,positive,positive,0.9997851252555847,1,Other
f28a3a3c-eb94-4aab-88d2-89bcecebcc7b,bad exprience...it is so crushed,bad exprienceit crushed,"['bad', 'exprienceit', 'crushed']",1,2025-11-27,Bank of Abyssinia (BOA),-0.7973,negative,negative,0.9998053908348083,-1,Other
4ed89e8c-16dc-4763-94ca-04d05cf799a5,not user friendly at all it requires a huge connectivity and also lags many times 😑😑😑,user friendly requires huge connectivity also lag many time,"['user', 'friendly', 'requires', 'huge', 'connectivity', 'also', 'lag', 'many', 'time']",1,2025-11-26,Bank of Abyssinia (BOA),-0.4268,negative,negative,0.9997656941413879,-1,"Transaction Performance, UI / UX"
7ef21cf6-d226-4370-ab96-01c909dbc58d,very good,good,['good'],5,2025-11-25,Bank of Abyssinia (BOA),0.4927,positive,positive,0.9998520612716675,1,Other
896ee9aa-a483-4b1f-b73c-0a26c4b54790,most of the time is not working properly,time working properly,"['time', 'working', 'properly']",1,2025-11-25,Bank of Abyssinia (BOA),0.0,neutral,negative,0.9997636675834656,-1,Other
15c3586b-e672-48db-b3c0-09508375763f,good service,good service,"['good', 'service']",5,2025-11-25,Bank of Abyssinia (BOA),0.4404,positive,positive,0.9998499155044556,1,Customer Support
6f7113d8-180e-4f3d-83d9-fbe55f9edd69,not use for me,use,['use'],3,2025-11-23,Bank of Abyssinia (BOA),0.0,neutral,negative,0.9953739047050476,-1,Other
d36fbdcb-b57e-4384-8e5b-ae549e25b33e,It keeps notifying me to disable developer options and quiet while I'm not enabled. always bring another type of problem with new updates.,keep notifying disable developer option quiet im enabled always bring another type problem new update,"['keep', 'notifying', 'disable', 'developer', 'option', 'quiet', 'im', 'enabled', 'always', 'bring', 'another', 'type', 'problem', 'new', 'update']",1,2025-11-22,Bank of Abyssinia (BOA),-0.4019,negative,negative,0.9968326687812805,-1,"Feature Requests, UI / UX"
2d630116-152e-4dbb-bb7a-d7f93bbafbc5,waw,waw,['waw'],5,2025-11-21,Bank of Abyssinia (BOA),0.0,neutral,negative,0.7346171736717224,-1,Other
b9fa948b-07bc-41f5-9e49-5e612b9a9db6,the lag is unbelievable when you need it the most this suks,lag unbelievable need suks,"['lag', 'unbelievable', 'need', 'suks']",1,2025-11-19,Bank of Abyssinia (BOA),-0.1531,negative,negative,0.9983174800872803,-1,Transaction Performance
c198f602-e9fb-4b61-ad3a-8efe42269b8d,I cant belive I could find the worst bank app ever .yet very simple to fix the problem and the company just ignored it. no body can do business with this kind of app.,cant belive could find worst ever yet simple fix problem company ignored body business kind,"['cant', 'belive', 'could', 'find', 'worst', 'ever', 'yet', 'simple', 'fix', 'problem', 'company', 'ignored', 'body', 'business', 'kind']",1,2025-11-18,Bank of Abyssinia (BOA),-0.8834,negative,negative,0.999693751335144,-1,Other
afad642f-39c4-4db0-adbf-5fbe7143f960,it is a good app,good,['good'],5,2025-11-18,Bank of Abyssinia (BOA),0.4404,positive,positive,0.9998643398284912,1,Other
9fb5fdaa-6172-43c1-ba46-2fcdfcd84c13,it is not working at all,working,['working'],1,2025-11-15,Bank of Abyssinia (BOA),0.0,neutral,negative,0.9997811913490295,-1,Other
58ccb5e9-0cf7-413c-8bb4-6515d4863bc1,🥰🥰🥰🥰🥰 app is good but i was live in abroad and when i enter my otp code it didnt make me to write my code it the app want it self write thats not fair so please other wise i like it why,good live abroad enter otp code didnt make write code want self write thats fair please wise like,"['good', 'live', 'abroad', 'enter', 'otp', 'code', 'didnt', 'make', 'write', 'code', 'want', 'self', 'write', 'thats', 'fair', 'please', 'wise', 'like']",5,2025-11-15,Bank of Abyssinia (BOA),0.9142,positive,positive,0.825160562992096,1,Account Access
0ed79d57-a54c-4541-9df0-67e1e8c72be3,when trying to activate the app it keeps on loading on the security questions page. It has been two days,trying activate keep loading security question page two day,"['trying', 'activate', 'keep', 'loading', 'security', 'question', 'page', 'two', 'day']",1,2025-11-13,Bank of Abyssinia (BOA),0.34,positive,negative,0.9952510595321655,-1,"Security & Fraud, Transaction Performance"
f38caf5b-4580-4a9f-819f-f4cd3d789176,fast and simple,fast simple,"['fast', 'simple']",5,2025-11-11,Bank of Abyssinia (BOA),0.0,neutral,positive,0.9997392296791077,1,Other
6a7a5c64-4056-404d-b37e-60bf1d6ee90a,best of best,best best,"['best', 'best']",5,2025-11-10,Bank of Abyssinia (BOA),0.8555,positive,positive,0.9997496008872986,1,Other
9f9ace0f-c63b-4482-a159-12c2bcd357ae,Worest Banking App Ever I seen. Fake App Bad Better to Leave,worest banking ever seen fake bad better leave,"['worest', 'banking', 'ever', 'seen', 'fake', 'bad', 'better', 'leave']",1,2025-11-10,Bank of Abyssinia (BOA),-0.5994,negative,negative,0.9993888139724731,-1,Other
52b82149-19da-40cd-b8ce-a86e0b2c789c,good,good,['good'],4,2025-11-10,Bank of Abyssinia (BOA),0.4404,positive,positive,0.9998161196708679,1,Other
c6661ae9-95ab-4a2d-be7b-ad93bb48f278,"I would like to share feedback regarding the application. It frequently experiences disruptions and does not function properly, often freezing or failing to load. This issue is affecting workflow and efficiency. Kindly review and address this problem to ensure smoother performance.",would like share feedback regarding application frequently experience disruption function properly often freezing failing load issue affecting workflow efficiency kindly review address problem ensure smoother performance,"['would', 'like', 'share', 'feedback', 'regarding', 'application', 'frequently', 'experience', 'disruption', 'function', 'properly', 'often', 'freezing', 'failing', 'load', 'issue', 'affecting', 'workflow', 'efficiency', 'kindly', 'review', 'address', 'problem', 'ensure', 'smoother', 'performance']",1,2025-11-08,Bank of Abyssinia (BOA),0.4166,positive,negative,0.9947029948234558,-1,"Crashes & Bugs, Feature Requests"
493dc1a0-1d88-4d43-93ab-9b3c9d7426d9,Meet you genuine.App I tried is not functional.Helping.welldoingwith BOA Ethiopia .fastandrelevant.morconnecting Digitalyworld.Digitalyworld. thanks.,meet genuineapp tried functionalhelpingwelldoingwith ethiopia fastandrelevantmorconnecting digitalyworlddigitalyworld thanks,"['meet', 'genuineapp', 'tried', 'functionalhelpingwelldoingwith', 'ethiopia', 'fastandrelevantmorconnecting', 'digitalyworlddigitalyworld', 'thanks']",5,2025-11-08,Bank of Abyssinia (BOA),0.4404,positive,negative,0.8848850131034851,-1,"Account Access, Customer Support, UI / UX"
61a85d6e-8111-4add-9c9a-ebf8a25b2bca,best app,best,['best'],5,2025-11-08,Bank of Abyssinia (BOA),0.6369,positive,positive,0.999686598777771,1,Other
33b76ccc-05cf-445d-84a6-a5e516bac406,Best app,best,['best'],5,2025-11-07,Bank of Abyssinia (BOA),0.6369,positive,positive,0.999686598777771,1,Other
aa74e8f9-67d1-486a-a601-761ce0c79a4e,"Barely works, it always fails to connect",barely work always fails connect,"['barely', 'work', 'always', 'fails', 'connect']",1,2025-11-07,Bank of Abyssinia (BOA),-0.4215,negative,negative,0.9997532963752747,-1,Crashes & Bugs
6308cb59-e418-4559-80e1-b53d44ce7c9a,my fav app,fav,['fav'],5,2025-11-07,Bank of Abyssinia (BOA),0.4588,positive,positive,0.9846561551094055,1,Other
8fa4d905-fcd5-4124-8745-0014e9e746cf,this app launch time is so long also has dozen bugs in addition it's has been long time get update,launch time long also dozen bug addition long time get update,"['launch', 'time', 'long', 'also', 'dozen', 'bug', 'addition', 'long', 'time', 'get', 'update']",1,2025-11-05,Bank of Abyssinia (BOA),0.0,neutral,negative,0.9977949857711792,-1,"Crashes & Bugs, Feature Requests"
6b603751-56ea-4108-95f6-a26ee49a7bdf,very nice,nice,['nice'],5,2025-11-04,Bank of Abyssinia (BOA),0.4754,positive,positive,0.9998563528060913,1,Other
e7e0dd5b-59ee-4ed8-abe8-821ed28c1a6f,"Your application is very irritating to use, some functionality doesn't even work like on the card management. You need to do better than this and it good idea to reference other banking applications.",application irritating use functionality doesnt even work like card management need better good idea reference banking application,"['application', 'irritating', 'use', 'functionality', 'doesnt', 'even', 'work', 'like', 'card', 'management', 'need', 'better', 'good', 'idea', 'reference', 'banking', 'application']",3,2025-11-04,Bank of Abyssinia (BOA),0.102,positive,negative,0.9985816478729248,-1,Payments & Cards
df1f28f7-9a40-4a51-83bb-7e2fb7bc932c,I like,like,['like'],5,2025-11-02,Bank of Abyssinia (BOA),0.3612,positive,positive,0.9998149275779724,1,Other
a2d5bdf0-ff92-408b-be55-a4bfa7b61fbc,i m sorry but it doesn't work for my android it is too slow but other bank are very fast please update,sorry doesnt work android slow fast please update,"['sorry', 'doesnt', 'work', 'android', 'slow', 'fast', 'please', 'update']",1,2025-10-30,Bank of Abyssinia (BOA),0.4969,positive,negative,0.9083433151245117,-1,"Feature Requests, Transaction Performance"
8312e6d0-3b41-4061-b83f-54f6fcb4317a,"the worst app ever,",worst ever,"['worst', 'ever']",1,2025-10-30,Bank of Abyssinia (BOA),-0.6249,negative,negative,0.9997932314872742,-1,Other
ee7fb8e2-bcde-4ae5-8ac5-49450e57dd5c,better,better,['better'],5,2025-10-29,Bank of Abyssinia (BOA),0.4404,positive,positive,0.999264657497406,1,Other
924bdf3b-0b78-4402-9aaf-d1cbc39cc6af,"I kindly request that Bank of abyssinia address issues with its mobile app. It is very slow, has numerous problems, and frequently experiences downtime. The user experience is also poor. Thank you.",kindly request abyssinia address issue mobile slow numerous problem frequently experience downtime user experience also poor thank,"['kindly', 'request', 'abyssinia', 'address', 'issue', 'mobile', 'slow', 'numerous', 'problem', 'frequently', 'experience', 'downtime', 'user', 'experience', 'also', 'poor', 'thank']",1,2025-10-28,Bank of Abyssinia (BOA),-0.0258,neutral,negative,0.99928218126297,-1,"Feature Requests, Transaction Performance"
426191d1-9b6d-4582-aeae-55633c041d3e,this app can't open? what is problem? please solve my problem?,cant open problem please solve problem,"['cant', 'open', 'problem', 'please', 'solve', 'problem']",1,2025-10-28,Bank of Abyssinia (BOA),-0.4291,negative,negative,0.9996218681335449,-1,Other
f787c8fe-c207-4c5a-8156-e8cfa0f6652d,kiyaa makonn,kiyaa makonn,"['kiyaa', 'makonn']",5,2025-10-27,Bank of Abyssinia (BOA),0.0,neutral,positive,0.7175926566123962,1,Other
1f73f73b-a5e4-4114-a45d-992a360ebb87,very very lazy app,lazy,['lazy'],1,2025-10-26,Bank of Abyssinia (BOA),-0.4716,negative,negative,0.9996856451034546,-1,Other
b9b28cc3-4563-4f09-938c-b1adcc27bbf3,telebirr remittance,telebirr remittance,"['telebirr', 'remittance']",5,2025-10-24,Bank of Abyssinia (BOA),0.0,neutral,negative,0.979961097240448,-1,Other
6606f3a3-dbc9-4032-a905-37c737501776,The best bank in 🇪🇹,best,['best'],5,2025-10-23,Bank of Abyssinia (BOA),0.6369,positive,positive,0.9998179078102112,1,Other
df5cd433-7f0e-4e13-ae07-4200db1965c0,its good,good,['good'],5,2025-10-22,Bank of Abyssinia (BOA),0.4404,positive,positive,0.9998385906219482,1,Other
9917233c-933c-444f-b986-e97d3fe0f682,the worst app in my financial experience.,worst financial experience,"['worst', 'financial', 'experience']",1,2025-10-22,Bank of Abyssinia (BOA),-0.6249,negative,negative,0.9997914433479309,-1,Other
29295b2c-ebe8-4dfe-9cd3-c3a5806b810b,good for mb appliciation,good mb appliciation,"['good', 'mb', 'appliciation']",5,2025-10-21,Bank of Abyssinia (BOA),0.4404,positive,positive,0.9943337440490723,1,Other
c9162816-c2cd-478c-ab34-9569f63d3711,the worst bank ever. slow don't accept dual sim. they are very stupid and greedy,worst ever slow dont accept dual sim stupid greedy,"['worst', 'ever', 'slow', 'dont', 'accept', 'dual', 'sim', 'stupid', 'greedy']",1,2025-10-20,Bank of Abyssinia (BOA),-0.9107,negative,negative,0.9997623562812805,-1,Transaction Performance
1776b9e9-95d8-4811-bb94-61d28a7c19d1,try to easy network,try easy network,"['try', 'easy', 'network']",4,2025-10-17,Bank of Abyssinia (BOA),0.4404,positive,negative,0.9987332224845886,-1,Other
d81ca31a-2ecd-4f0a-aab7-0a6f02da0696,hussen hassen umer,hussen hassen umer,"['hussen', 'hassen', 'umer']",5,2025-10-16,Bank of Abyssinia (BOA),0.0,neutral,positive,0.868121325969696,1,Other
6725eae9-b141-4a7c-abcd-90125d0fa3bd,"The app is not suitable and lacks a good UI design. As a large bank, you must update your app with a professional UI that is fast and appropriate.",suitable lack good ui design large must update professional ui fast appropriate,"['suitable', 'lack', 'good', 'ui', 'design', 'large', 'must', 'update', 'professional', 'ui', 'fast', 'appropriate']",2,2025-10-16,Bank of Abyssinia (BOA),0.4404,positive,negative,0.9988431930541992,-1,"Feature Requests, UI / UX"
cdc789cd-c2e6-415e-906f-0bde3fa850b1,an exceptional banking app.,exceptional banking,"['exceptional', 'banking']",5,2025-10-16,Bank of Abyssinia (BOA),0.0,neutral,positive,0.9997233748435974,1,Crashes & Bugs
da8f72ca-3f4b-41f6-937e-c626b8240c8b,alhamdulilah,alhamdulilah,['alhamdulilah'],5,2025-10-11,Bank of Abyssinia (BOA),0.0,neutral,positive,0.8558266162872314,1,Other
8b37e090-01ff-4f7c-bfdc-3e781996d2a9,poor,poor,['poor'],5,2025-10-11,Bank of Abyssinia (BOA),-0.4767,negative,negative,0.9997912049293518,-1,Other
32133348-ecd7-47e0-9e98-7f1702419599,Best of best,best best,"['best', 'best']",5,2025-10-09,Bank of Abyssinia (BOA),0.8555,positive,positive,0.9997496008872986,1,Other
68b7a597-8133-4584-9c3f-1e26fa21184e,from the last week updates the app is not working Please check the problems,last week update working please check problem,"['last', 'week', 'update', 'working', 'please', 'check', 'problem']",1,2025-10-08,Bank of Abyssinia (BOA),-0.5664,negative,negative,0.9996919631958008,-1,Feature Requests
546df11c-e603-4f04-963e-ae1cd2be9561,It's always crushing,always crushing,"['always', 'crushing']",1,2025-10-08,Bank of Abyssinia (BOA),-0.3612,negative,negative,0.9993805885314941,-1,Other
147dc910-f84e-4950-9cd0-a6ce1ca0b070,office branches have to improve their services please,office branch improve service please,"['office', 'branch', 'improve', 'service', 'please']",4,2025-10-07,Bank of Abyssinia (BOA),0.6369,positive,positive,0.6649648547172546,1,Customer Support
7345b274-906c-4bfc-b37d-8131020ad13e,Why does it keep crashing? I can't even use this. BOA should do better. You have many customers and how to deal with this. I can't send money now.,keep crashing cant even use better many customer deal cant send money,"['keep', 'crashing', 'cant', 'even', 'use', 'better', 'many', 'customer', 'deal', 'cant', 'send', 'money']",1,2025-10-05,Bank of Abyssinia (BOA),0.4404,positive,negative,0.9988381266593933,-1,"Crashes & Bugs, Customer Support"
4587385c-78c9-4310-b8aa-da0bce565a91,it needs a timely update,need timely update,"['need', 'timely', 'update']",5,2025-10-03,Bank of Abyssinia (BOA),0.0,neutral,negative,0.9983032941818237,-1,Feature Requests
1310296e-3850-494f-83bc-936ea27684ab,"It does not show the name of the person who sent the money to request a receipt. This has become very difficult for us. When different people transfer the same amount to me from different banks, it is very difficult to identify the account or the name of the sender.",show name person sent money request receipt become difficult u different people transfer amount different bank difficult identify account name sender,"['show', 'name', 'person', 'sent', 'money', 'request', 'receipt', 'become', 'difficult', 'u', 'different', 'people', 'transfer', 'amount', 'different', 'bank', 'difficult', 'identify', 'account', 'name', 'sender']",3,2025-10-01,Bank of Abyssinia (BOA),-0.6794,negative,negative,0.9997054934501648,-1,Transaction Performance
00dddad5-915e-4fc1-9166-b5d7ce59ad88,Like,like,['like'],5,2025-10-01,Bank of Abyssinia (BOA),0.3612,positive,positive,0.9910564422607422,1,Other
baad5c11-63e6-4b64-9006-c4cb1481036d,I can't type my otp on it.,cant type otp,"['cant', 'type', 'otp']",1,2025-10-01,Bank of Abyssinia (BOA),0.0,neutral,negative,0.9990899562835693,-1,Account Access
7481b511-72a1-4592-8087-c029fc656e67,"most of bank apps in Ethiopia are linked with ethiopian phone number, I live in US permanently so when I open BoA account, I told them where I live and to link it with email address instead of phone # as ethio phone number is not working where I live, unfortunetly my fear appeared and now when I change my phone device, it send the code to the ethio number which is not with me now. so please when u develop bank apps consider the diaspora community to use ur apps",apps ethiopia linked ethiopian phone number live u permanently open account told live link email address instead phone ethio phone number working live unfortunetly fear appeared change phone device send code ethio number please u develop apps consider diaspora community use ur apps,"['apps', 'ethiopia', 'linked', 'ethiopian', 'phone', 'number', 'live', 'u', 'permanently', 'open', 'account', 'told', 'live', 'link', 'email', 'address', 'instead', 'phone', 'ethio', 'phone', 'number', 'working', 'live', 'unfortunetly', 'fear', 'appeared', 'change', 'phone', 'device', 'send', 'code', 'ethio', 'number', 'please', 'u', 'develop', 'apps', 'consider', 'diaspora', 'community', 'use', 'ur', 'apps']",1,2025-10-01,Bank of Abyssinia (BOA),0.1757,positive,negative,0.9977109432220459,-1,"Customer Support, Feature Requests"
e3e7b9d3-10a9-443b-89b9-34160443c78a,jaajja,jaajja,['jaajja'],4,2025-09-30,Bank of Abyssinia (BOA),0.0,neutral,negative,0.9872855544090271,-1,Other
b768c25c-bc3a-4d57-8c45-97e489546662,I love this bank the best experience ever.,love best experience ever,"['love', 'best', 'experience', 'ever']",5,2025-09-28,Bank of Abyssinia (BOA),0.8555,positive,positive,0.9998602867126465,1,Other
c90fb60a-ea63-47f0-aa65-fcb41b6534e1,"Nothing has been improved, it doesn't work like the previous version.",nothing improved doesnt work like previous version,"['nothing', 'improved', 'doesnt', 'work', 'like', 'previous', 'version']",1,2025-09-25,Bank of Abyssinia (BOA),-0.5667,negative,negative,0.9997023940086365,-1,Other
82e245b0-2790-45ce-a1a3-1aa9a0afaa95,easy and fast,easy fast,"['easy', 'fast']",5,2025-09-24,Bank of Abyssinia (BOA),0.4404,positive,positive,0.9995583891868591,1,Other
d849294b-9d5d-4026-96ec-6dd20968fa57,Great,great,['great'],5,2025-09-20,Bank of Abyssinia (BOA),0.6249,positive,positive,0.9998630285263062,1,Other
eecf4f77-29ed-40cd-a228-b325ee459350,mobile banking,mobile banking,"['mobile', 'banking']",5,2025-09-19,Bank of Abyssinia (BOA),0.0,neutral,positive,0.9076533913612366,1,Other
a05681a9-b69a-48b6-92c5-79a7d916bd61,"need alot of connection, chooses device, very lug even when there is connection",need alot connection chooses device lug even connection,"['need', 'alot', 'connection', 'chooses', 'device', 'lug', 'even', 'connection']",1,2025-09-17,Bank of Abyssinia (BOA),0.0,neutral,negative,0.9918755292892456,-1,Other
7cedd008-b817-442b-9da0-76ea15713450,On my ios it's perfect but on android it barley works and don't transfer and after a while it crushed and totally stopped working. Please fix the issue my beloved bank of abyssinia.,io perfect android barley work dont transfer crushed totally stopped working please fix issue beloved abyssinia,"['io', 'perfect', 'android', 'barley', 'work', 'dont', 'transfer', 'crushed', 'totally', 'stopped', 'working', 'please', 'fix', 'issue', 'beloved', 'abyssinia']",1,2025-09-15,Bank of Abyssinia (BOA),0.5656,positive,negative,0.9964402318000793,-1,Transaction Performance
14d8c41d-2533-40c1-97f2-7df99a3d3a44,since the last update i can open the app crashes a lot and omg its being very slow opening and loading,since last update open crash lot omg slow opening loading,"['since', 'last', 'update', 'open', 'crash', 'lot', 'omg', 'slow', 'opening', 'loading']",2,2025-09-15,Bank of Abyssinia (BOA),0.0,neutral,negative,0.9995414018630981,-1,"Crashes & Bugs, Feature Requests, Transaction Performance"
3c11bafa-cf87-41c0-ba29-714ab4cd69a5,none,none,['none'],5,2025-09-14,Bank of Abyssinia (BOA),0.0,neutral,negative,0.985345721244812,-1,Other
4bf673d6-7d6f-431c-8844-a6c7eb4c65d3,very good app i ever used,good ever used,"['good', 'ever', 'used']",5,2025-09-12,Bank of Abyssinia (BOA),0.4927,positive,positive,0.9998385906219482,1,Other
dfad5025-20f7-4556-bdaf-294785947fa3,its nice app especially the transaction limit is extended but We face that BoA m.banking app doesn't respond at the activation stage strictly at SMSNG mobile phone. please try this to make safe.,nice especially transaction limit extended face mbanking doesnt respond activation stage strictly smsng mobile phone please try make safe,"['nice', 'especially', 'transaction', 'limit', 'extended', 'face', 'mbanking', 'doesnt', 'respond', 'activation', 'stage', 'strictly', 'smsng', 'mobile', 'phone', 'please', 'try', 'make', 'safe']",4,2025-09-11,Bank of Abyssinia (BOA),0.8271,positive,negative,0.9979867935180664,-1,Other
4b92ba94-d858-4fcb-a2ae-45fc41c1fa26,zedo,zedo,['zedo'],5,2025-09-11,Bank of Abyssinia (BOA),0.0,neutral,positive,0.994045615196228,1,Other
a56b1202-a6db-405b-aba1-586a16bc417d,please open my mobile app,please open mobile,"['please', 'open', 'mobile']",5,2025-09-10,Bank of Abyssinia (BOA),0.3182,positive,positive,0.9873003363609314,1,Other
d876a31d-e463-4340-a67e-9a950e182865,it doesn't open,doesnt open,"['doesnt', 'open']",1,2025-09-10,Bank of Abyssinia (BOA),0.0,neutral,negative,0.9997527003288269,-1,Other
a31076d0-b574-405f-8495-675485f16a71,Very Good,good,['good'],5,2025-09-09,Bank of Abyssinia (BOA),0.4927,positive,positive,0.9998520612716675,1,Other
88632aa1-f7db-4599-aa99-9b51523534e8,masha alla,masha alla,"['masha', 'alla']",5,2025-09-08,Bank of Abyssinia (BOA),0.0,neutral,negative,0.9514628052711487,-1,Other
dc3c97a2-0fe6-4a49-a2d3-9cc949380a0d,Best banking transaction application in Ethiopia !,best banking transaction application ethiopia,"['best', 'banking', 'transaction', 'application', 'ethiopia']",5,2025-09-05,Bank of Abyssinia (BOA),0.6696,positive,positive,0.9996905326843262,1,Other
613dff98-be45-4f37-8feb-01e382393e26,tamaam kamal,tamaam kamal,"['tamaam', 'kamal']",1,2025-09-04,Bank of Abyssinia (BOA),0.0,neutral,positive,0.9918873906135559,1,Other
8ac466a3-5bbb-452d-88bc-ceaae6c5bec0,great 👍,great,['great'],5,2025-09-02,Bank of Abyssinia (BOA),0.6249,positive,positive,0.9997692704200745,1,Other
45e502bd-bd62-4895-b534-d75b2dae7c75,goof,goof,['goof'],4,2025-09-01,Bank of Abyssinia (BOA),0.0,neutral,negative,0.9975278973579407,-1,Other
0e665f33-628c-4799-a991-53cf66b89ed0,absiniya banki,absiniya banki,"['absiniya', 'banki']",5,2025-08-29,Bank of Abyssinia (BOA),0.0,neutral,negative,0.9083039164543152,-1,Other
3e8a43b7-e4a5-4ba0-850e-332a7dad3a24,has issue after installation and i think it doesn't work with tecno common 30,issue installation think doesnt work tecno common,"['issue', 'installation', 'think', 'doesnt', 'work', 'tecno', 'common']",1,2025-08-26,Bank of Abyssinia (BOA),0.0,neutral,negative,0.9996929168701172,-1,Other
abb3b6f4-ed3d-4013-b997-0efb664037a5,One of the best in this business,one best business,"['one', 'best', 'business']",5,2025-08-25,Bank of Abyssinia (BOA),0.6369,positive,positive,0.9998694658279419,1,Other
8a5e1510-bc3f-4f70-8915-f79a839f041e,Excellent,excellent,['excellent'],5,2025-08-20,Bank of Abyssinia (BOA),0.5719,positive,positive,0.9998434782028198,1,Other
c9cc8b5a-f0aa-437a-8e5c-99035cad23da,besat🥰,,[],5,2025-08-19,Bank of Abyssinia (BOA),0.0,neutral,negative,0.6970562934875488,-1,Other
bc8bfdb0-596e-4ed3-a07d-c3ac71061fee,unlimited experience,unlimited experience,"['unlimited', 'experience']",5,2025-08-18,Bank of Abyssinia (BOA),0.0,neutral,positive,0.9997161030769348,1,Other
ec30627f-c9a0-48f6-8fd2-38fcae3ab112,"as bank, u should at least hire someone good at their job bc this a joke nowadays I can't even log in or even transfer without it crashing if u fix the app I will update this review I am counting on u boa update: so they atleast fixed it but as suggestion can u put password when in final step of sending money it will feel more secure that way",u least hire someone good job bc joke nowadays cant even log even transfer without crashing u fix update review counting u update atleast fixed suggestion u put password final step sending money feel secure way,"['u', 'least', 'hire', 'someone', 'good', 'job', 'bc', 'joke', 'nowadays', 'cant', 'even', 'log', 'even', 'transfer', 'without', 'crashing', 'u', 'fix', 'update', 'review', 'counting', 'u', 'update', 'atleast', 'fixed', 'suggestion', 'u', 'put', 'password', 'final', 'step', 'sending', 'money', 'feel', 'secure', 'way']",4,2025-08-17,Bank of Abyssinia (BOA),0.7383,positive,negative,0.9991239905357361,-1,"Account Access, Crashes & Bugs, Feature Requests, Security & Fraud, Transaction Performance"
656865bb-7ee3-4fef-9f23-b6728b2b6ab9,very nice mobile banking app my favourite,nice mobile banking favourite,"['nice', 'mobile', 'banking', 'favourite']",5,2025-08-16,Bank of Abyssinia (BOA),0.4754,positive,positive,0.9997608065605164,1,Other
ac500ef1-8d40-4c19-b862-c5f47b165e97,"it almost never boots up!!! and even if it did, it crashes immediately",almost never boot even crash immediately,"['almost', 'never', 'boot', 'even', 'crash', 'immediately']",1,2025-08-15,Bank of Abyssinia (BOA),0.0,neutral,negative,0.9977737069129944,-1,Crashes & Bugs
e080468a-5b05-476e-9275-923d859a7b98,best apps,best apps,"['best', 'apps']",5,2025-08-15,Bank of Abyssinia (BOA),0.6369,positive,positive,0.999784529209137,1,Other
cd3d7bda-43cf-46f8-bd12-065f026e2ba2,the worst app ever to exist in a bank history,worst ever exist history,"['worst', 'ever', 'exist', 'history']",1,2025-08-15,Bank of Abyssinia (BOA),-0.6249,negative,negative,0.9997841715812683,-1,Other
17d27fe8-201d-465e-900c-4510058bd581,thank you,thank,['thank'],5,2025-08-14,Bank of Abyssinia (BOA),0.3612,positive,positive,0.9998352527618408,1,Other
161dbde7-f447-412e-abf3-8ae5e7ba5012,Best mobile app in the country,best mobile country,"['best', 'mobile', 'country']",5,2025-08-14,Bank of Abyssinia (BOA),0.6369,positive,positive,0.999710738658905,1,Other
17fac6e4-55d0-48dc-8fd1-e3908c6e6689,not fast,fast,['fast'],2,2025-08-12,Bank of Abyssinia (BOA),0.0,neutral,negative,0.9949790835380554,-1,Other
bffe6663-e88f-4a08-97bc-e6ea6b2d8227,keeps freezing at the front page.,keep freezing front page,"['keep', 'freezing', 'front', 'page']",1,2025-08-10,Bank of Abyssinia (BOA),-0.1027,negative,negative,0.9948282837867737,-1,Other
6dd324c1-79ef-4935-9c87-ad0fd8fd1635,it is not working on redminote 11 pro+ pls fix it,working redminote pro pls fix,"['working', 'redminote', 'pro', 'pls', 'fix']",1,2025-08-08,Bank of Abyssinia (BOA),0.0772,positive,negative,0.9996861219406128,-1,Other
aefe5a77-71f4-4efa-92e6-b4a1b4a48e9e,abseniya bank app,abseniya,['abseniya'],5,2025-08-08,Bank of Abyssinia (BOA),0.0,neutral,negative,0.6962245106697083,-1,Other
e6ec7d3b-beb3-40ac-a615-9a0bae85e39d,yes goode app,yes goode,"['yes', 'goode']",5,2025-08-03,Bank of Abyssinia (BOA),0.4019,positive,positive,0.9997490048408508,1,Other
b54ed906-d409-4107-9dba-3d91d4c04274,Great App,great,['great'],5,2025-08-02,Bank of Abyssinia (BOA),0.6249,positive,positive,0.999821126461029,1,Other
a7eb5cbd-790a-4537-8278-ccaef158654b,1) Crashes repeatedly 2) Takes Century to Boot 3) Repeatedly requires Update which is very annoying. 4) It doesn't ask for Password for one step confirmation when transferring money. 5) Automatically stops music when the app is launched (it doesn't really matter just fyi) Overall this have to be the worst mobile banking app I have tried so far and should not be released with all these bugs & issues.,crash repeatedly take century boot repeatedly requires update annoying doesnt ask password one step confirmation transferring money automatically stop music launched doesnt really matter fyi overall worst mobile banking tried far released bug issue,"['crash', 'repeatedly', 'take', 'century', 'boot', 'repeatedly', 'requires', 'update', 'annoying', 'doesnt', 'ask', 'password', 'one', 'step', 'confirmation', 'transferring', 'money', 'automatically', 'stop', 'music', 'launched', 'doesnt', 'really', 'matter', 'fyi', 'overall', 'worst', 'mobile', 'banking', 'tried', 'far', 'released', 'bug', 'issue']",1,2025-08-02,Bank of Abyssinia (BOA),-0.8168,negative,negative,0.999749481678009,-1,"Account Access, Crashes & Bugs, Customer Support, Feature Requests, Transaction Performance, UI / UX"
6df74cd0-b58b-472e-99f8-e437e64d98f3,The Worst Mobile Banking App.,worst mobile banking,"['worst', 'mobile', 'banking']",1,2025-07-31,Bank of Abyssinia (BOA),-0.6249,negative,negative,0.9997994303703308,-1,Other
709cbab6-f362-486c-b2cf-212062b30dfa,giod,giod,['giod'],5,2025-07-30,Bank of Abyssinia (BOA),0.0,neutral,positive,0.9893913269042969,1,Other
207adaf3-2705-486b-846e-1f95c4d7f049,best bank in ethiopia,best ethiopia,"['best', 'ethiopia']",5,2025-07-29,Bank of Abyssinia (BOA),0.6369,positive,positive,0.999733030796051,1,Other
8edd9f83-57c8-4aaf-9c54-845d97e601aa,waqayyoo,waqayyoo,['waqayyoo'],5,2025-07-28,Bank of Abyssinia (BOA),0.0,neutral,neutral,0.5036855340003967,0,Other
5e5817ce-8960-4e99-9bae-3e9059357303,please is not working,please working,"['please', 'working']",2,2025-07-27,Bank of Abyssinia (BOA),0.3182,positive,negative,0.9997643828392029,-1,Other
b27ee212-10ec-499b-b36d-ff667d7b7085,nothing when I need to install the Apk it say that re-up date,nothing need install apk say reup date,"['nothing', 'need', 'install', 'apk', 'say', 'reup', 'date']",5,2025-07-25,Bank of Abyssinia (BOA),0.0,neutral,negative,0.9985933899879456,-1,Other
94e809fb-94f8-4e0a-b3e8-1c4113c19f77,I can log in from any where,log,['log'],5,2025-07-23,Bank of Abyssinia (BOA),0.0,neutral,negative,0.9497753977775574,-1,Other
a6c71862-00d9-491c-928d-f557a845da4a,no proplem,proplem,['proplem'],5,2025-07-20,Bank of Abyssinia (BOA),-0.296,negative,negative,0.9912227392196655,-1,Other
2b131440-f01a-468e-9314-095ae0b77601,excellent app,excellent,['excellent'],5,2025-07-18,Bank of Abyssinia (BOA),0.5719,positive,positive,0.9998356103897095,1,Other
0f1bbc73-93dc-487e-a47c-bb737edb0322,good work,good work,"['good', 'work']",5,2025-07-15,Bank of Abyssinia (BOA),0.4404,positive,positive,0.9998413324356079,1,Other
66b8c002-46a8-4d54-aa18-2267d8bcb7fb,excellent,excellent,['excellent'],5,2025-07-14,Bank of Abyssinia (BOA),0.5719,positive,positive,0.9998434782028198,1,Other
fc29df1f-0c69-40d6-a240-5b4e88ad84ae,Great BoA,great,['great'],5,2025-07-14,Bank of Abyssinia (BOA),0.6249,positive,positive,0.9992689490318298,1,Other
60b6f839-529a-4017-a74b-76699322f85a,Good,good,['good'],5,2025-07-14,Bank of Abyssinia (BOA),0.4404,positive,positive,0.9998161196708679,1,Other
b820b761-9c71-47bb-9fba-566f18ea294a,Okay,okay,['okay'],4,2025-07-13,Bank of Abyssinia (BOA),0.2263,positive,positive,0.9997709393501282,1,Other
f2774304-2650-4e10-8854-25fe8d6de09e,not working,working,['working'],1,2025-07-12,Bank of Abyssinia (BOA),0.0,neutral,negative,0.9997778534889221,-1,Other
fe2fcc2e-a065-4210-a48b-4ea4e93f383e,This App is Getting worse and worse with every update,getting worse worse every update,"['getting', 'worse', 'worse', 'every', 'update']",2,2025-07-11,Bank of Abyssinia (BOA),-0.7351,negative,negative,0.999568521976471,-1,Feature Requests
21a65f6a-5808-4a77-a341-a0230b3a6687,nice,nice,['nice'],5,2025-07-10,Bank of Abyssinia (BOA),0.4215,positive,positive,0.9998552799224854,1,Other
aa23377c-3d61-4045-b061-96003d09d78b,meku,meku,['meku'],5,2025-07-07,Bank of Abyssinia (BOA),0.0,neutral,positive,0.9421749114990234,1,Other
285a819d-f45f-4f6f-a280-23588282f8b0,awasome app go a head,awasome go head,"['awasome', 'go', 'head']",5,2025-07-04,Bank of Abyssinia (BOA),0.0,neutral,negative,0.9980922341346741,-1,Other
5caae1bf-1a44-4370-8c45-19b8c0481d65,it sucks as hell. it crashes most of the time and takes a long time to load .,suck hell crash time take long time load,"['suck', 'hell', 'crash', 'time', 'take', 'long', 'time', 'load']",1,2025-07-03,Bank of Abyssinia (BOA),-0.7964,negative,negative,0.9994389414787292,-1,Crashes & Bugs
95520951-566d-4ddb-bf19-a9ecf5b6e35a,"The App is nice and easy to use but after some time it crushed and said ""Error check your device connectivity"" please fix it",nice easy use time crushed said error check device connectivity please fix,"['nice', 'easy', 'use', 'time', 'crushed', 'said', 'error', 'check', 'device', 'connectivity', 'please', 'fix']",3,2025-07-02,Bank of Abyssinia (BOA),-0.3506,negative,negative,0.9973018169403076,-1,Crashes & Bugs
d713bd24-8fc6-48e4-ad53-aeafeda8babc,Easy and very nice app to load more than the previouse but in recent time some loading problem detected.,easy nice load previouse recent time loading problem detected,"['easy', 'nice', 'load', 'previouse', 'recent', 'time', 'loading', 'problem', 'detected']",5,2025-07-01,Bank of Abyssinia (BOA),-0.1415,negative,negative,0.9851245880126953,-1,Transaction Performance
8892853d-eb65-4c97-a859-2e848289f1a2,wow,wow,['wow'],5,2025-07-01,Bank of Abyssinia (BOA),0.5859,positive,positive,0.999592125415802,1,Other
7213dbd5-f192-45fd-96d1-3fc1db24759c,"The worst MBA I have experienced, The app crush frequently and they take to long to fix the problem even more than a week.",worst mba experienced crush frequently take long fix problem even week,"['worst', 'mba', 'experienced', 'crush', 'frequently', 'take', 'long', 'fix', 'problem', 'even', 'week']",1,2025-06-27,Bank of Abyssinia (BOA),-0.8126,negative,negative,0.9996988773345947,-1,Other
f27a8118-3cab-43a4-a0c4-8d6e235d05cf,amazing Banks App👌👌,amazing bank,"['amazing', 'bank']",3,2025-06-25,Bank of Abyssinia (BOA),0.5859,positive,positive,0.9998063445091248,1,Other
84ef704f-9293-4fcb-a0fc-8a8dafd2d9ed,good App fore me,good fore,"['good', 'fore']",5,2025-06-25,Bank of Abyssinia (BOA),0.4404,positive,positive,0.9998444318771362,1,Other
8b9c0316-a505-4e36-b2c3-844d7b9d209d,"very uninterested it's not working when the ""developer mode on"" i haven't off the developer options i preferred to uninstall your app .....",uninterested working developer mode havent developer option preferred uninstall,"['uninterested', 'working', 'developer', 'mode', 'havent', 'developer', 'option', 'preferred', 'uninstall']",1,2025-06-24,Bank of Abyssinia (BOA),0.0,neutral,negative,0.9995253086090088,-1,Other
b873c393-1bbb-4f8d-a640-d8434841943d,fantastic,fantastic,['fantastic'],5,2025-06-22,Bank of Abyssinia (BOA),0.5574,positive,positive,0.9998743534088135,1,Other
f8b0d764-37b1-475e-bcda-03bd153eb20b,it's nice to use.,nice use,"['nice', 'use']",5,2025-06-21,Bank of Abyssinia (BOA),0.4215,positive,positive,0.999835729598999,1,Other
e4976dd0-7be3-4353-b6bd-5df3eb322f61,app doesn't start,doesnt start,"['doesnt', 'start']",1,2025-06-21,Bank of Abyssinia (BOA),0.0,neutral,negative,0.9973676800727844,-1,Other
2da4265c-ec1c-4460-a1d2-5e23b5539034,Excellent application,excellent application,"['excellent', 'application']",5,2025-06-18,Bank of Abyssinia (BOA),0.5719,positive,positive,0.9998571872711182,1,Other
effbeeb2-b89d-43e6-96b0-8e1a78c1175a,its very bad app its very slow,bad slow,"['bad', 'slow']",1,2025-06-17,Bank of Abyssinia (BOA),-0.5849,negative,negative,0.9998086094856262,-1,Transaction Performance
01f2460e-00ec-4071-910a-31ff89aac75f,Good job!,good job,"['good', 'job']",5,2025-06-13,Bank of Abyssinia (BOA),0.4926,positive,positive,0.9998481273651123,1,Other
45d80ec5-3db4-4b45-af64-095a9fd0c355,best financial app.,best financial,"['best', 'financial']",5,2025-06-12,Bank of Abyssinia (BOA),0.6369,positive,positive,0.9997761845588684,1,Other
6ec1267b-af3c-4d2b-8715-181e7f4c6282,the worst app humans ever created,worst human ever created,"['worst', 'human', 'ever', 'created']",1,2025-06-09,Bank of Abyssinia (BOA),-0.4767,negative,negative,0.9998008608818054,-1,Other
937102c6-ae88-419c-994b-80e520faacb8,it's not working,working,['working'],3,2025-06-05,Bank of Abyssinia (BOA),0.0,neutral,negative,0.9997857213020325,-1,Other
3559b91c-fad9-4032-bebe-cf99974b9628,"Hello, I’m facing a problem with the BOA Mobile app. Every time I enter my phone number and password, the app crashes and shows an error that says “BoaMobile closed because this app has a bug.” I tried updating, reinstalling, and clearing cache, but nothing worked. Please fix this bug in the next update. I really need access to my account. Thank you.",hello facing problem mobile every time enter phone number password crash show error say boamobile closed bug tried updating reinstalling clearing cache nothing worked please fix bug next update really need access account thank,"['hello', 'facing', 'problem', 'mobile', 'every', 'time', 'enter', 'phone', 'number', 'password', 'crash', 'show', 'error', 'say', 'boamobile', 'closed', 'bug', 'tried', 'updating', 'reinstalling', 'clearing', 'cache', 'nothing', 'worked', 'please', 'fix', 'bug', 'next', 'update', 'really', 'need', 'access', 'account', 'thank']",1,2025-06-03,Bank of Abyssinia (BOA),-0.1884,negative,negative,0.9994151592254639,-1,"Account Access, Crashes & Bugs, Feature Requests"
10e85f30-540d-4810-ba89-85a7e004480b,exceptional,exceptional,['exceptional'],5,2025-06-03,Bank of Abyssinia (BOA),0.0,neutral,positive,0.9998514652252197,1,Crashes & Bugs
d7f07898-4ba1-47b4-9e8c-a3cc10b1bf0f,BoA Mobile good bank,mobile good,"['mobile', 'good']",5,2025-06-02,Bank of Abyssinia (BOA),0.4404,positive,positive,0.9984728693962097,1,Other
2ca9480b-ff5f-4b59-952c-5921db83dab2,this is worest app 24/7 loading,worest loading,"['worest', 'loading']",1,2025-06-01,Bank of Abyssinia (BOA),0.0,neutral,negative,0.9934743046760559,-1,Transaction Performance
d9172c66-a605-4626-acc6-e1dbca0685cd,BoA system is confartable,system confartable,"['system', 'confartable']",5,2025-06-01,Bank of Abyssinia (BOA),0.0,neutral,negative,0.9980142116546631,-1,Other
c3f2810d-cf99-4600-90ac-bef47adb9e7a,"this app, for me , is a waste of time. It doesn't work . I can't even long in, and it really piss me off. FIX THE PROBLEM",waste time doesnt work cant even long really piss fix problem,"['waste', 'time', 'doesnt', 'work', 'cant', 'even', 'long', 'really', 'piss', 'fix', 'problem']",1,2025-05-27,Bank of Abyssinia (BOA),-0.8491,negative,negative,0.9998049139976501,-1,Other
512f8c2b-8fac-41cc-978a-b58e39a1ea5c,Good service.,good service,"['good', 'service']",3,2025-05-25,Bank of Abyssinia (BOA),0.4404,positive,positive,0.9998533725738525,1,Customer Support
76089146-b1c7-47f4-ab9f-44b6a1092225,the app crush frequently,crush frequently,"['crush', 'frequently']",1,2025-05-24,Bank of Abyssinia (BOA),-0.1531,negative,negative,0.998525083065033,-1,Other
e244700c-1210-4280-b60b-b75964c982df,You guys keeps getting worst,guy keep getting worst,"['guy', 'keep', 'getting', 'worst']",1,2025-05-22,Bank of Abyssinia (BOA),-0.6249,negative,negative,0.9997075200080872,-1,Other
2e219268-96fd-400c-8632-0b0d1044f487,"This app is a joke. It crashes more than it works, takes forever to load, and half the features are just decorative at this point. Can’t log in, can’t transfer money, can’t even check my balance without it bugging out. To the developer: Are you actually trying to make this work, or is this some kind of social experiment to test our patience? Did you build this in your sleep? Because it definitely looks like it. If this is your idea of a functional app, maybe consider a different career path🙏",joke crash work take forever load half feature decorative point log transfer money even check balance without bugging developer actually trying make work kind social experiment test patience build sleep definitely look like idea functional maybe consider different career path,"['joke', 'crash', 'work', 'take', 'forever', 'load', 'half', 'feature', 'decorative', 'point', 'log', 'transfer', 'money', 'even', 'check', 'balance', 'without', 'bugging', 'developer', 'actually', 'trying', 'make', 'work', 'kind', 'social', 'experiment', 'test', 'patience', 'build', 'sleep', 'definitely', 'look', 'like', 'idea', 'functional', 'maybe', 'consider', 'different', 'career', 'path']",1,2025-05-21,Bank of Abyssinia (BOA),0.7757,positive,negative,0.9990266561508179,-1,"Crashes & Bugs, Feature Requests, Transaction Performance, UI / UX"
86456197-428d-45e1-9c00-8dd85dcbb9e9,BoA,,[],2,2025-05-20,Bank of Abyssinia (BOA),0.0,neutral,negative,0.7410533428192139,-1,Other
8ddf5c9f-f866-4817-ac5e-85c67bfa870e,but not opening on android,opening android,"['opening', 'android']",4,2025-05-19,Bank of Abyssinia (BOA),0.0,neutral,negative,0.9952228665351868,-1,Other
f8bb86fb-594a-48ea-be1f-d08ea0882b8e,Worst App ever. Totally unreliable. And it didn't work at all for the last 4 months.,worst ever totally unreliable didnt work last month,"['worst', 'ever', 'totally', 'unreliable', 'didnt', 'work', 'last', 'month']",1,2025-05-18,Bank of Abyssinia (BOA),-0.6249,negative,negative,0.9997984766960144,-1,Other
190dccba-a7cf-4b2f-9b78-5bf8d3c280ae,amazing,amazing,['amazing'],5,2025-05-18,Bank of Abyssinia (BOA),0.5859,positive,positive,0.999875545501709,1,Other
b640cc87-df88-4b6b-9b9f-13fe0bdd5dfa,"this app does no work on Samsung a51, it just gives a preview of the logo",work samsung give preview logo,"['work', 'samsung', 'give', 'preview', 'logo']",1,2025-05-11,Bank of Abyssinia (BOA),-0.296,negative,negative,0.9992283582687378,-1,Other
301f6927-9395-4cda-bb77-041a36323875,"i entered incorrect security question by mistake boa app lock pin forever, why is there no other options? ?? i contacted different branchs more then 4times but they didn't able to solve this issue .",entered incorrect security question mistake lock pin forever option contacted different branch time didnt able solve issue,"['entered', 'incorrect', 'security', 'question', 'mistake', 'lock', 'pin', 'forever', 'option', 'contacted', 'different', 'branch', 'time', 'didnt', 'able', 'solve', 'issue']",5,2025-05-10,Bank of Abyssinia (BOA),-0.4639,negative,negative,0.9994921684265137,-1,"Account Access, Security & Fraud"
857bb685-6f7e-4db0-af37-eb2f1c1c6fd3,liking this application good 👍,liking application good,"['liking', 'application', 'good']",5,2025-05-07,Bank of Abyssinia (BOA),0.6808,positive,positive,0.9996829032897949,1,Other
62fa097e-3fd8-4522-a3a3-9b13f17f594d,"This app future is good, but there is problems with apps to reset and activate it, which is difficult even to the branch staffs, and it takes too long times to active at the branch plus most of the time high expected failure of activation after process at the counter and OTP sent not work",future good problem apps reset activate difficult even branch staff take long time active branch plus time high expected failure activation process counter otp sent work,"['future', 'good', 'problem', 'apps', 'reset', 'activate', 'difficult', 'even', 'branch', 'staff', 'take', 'long', 'time', 'active', 'branch', 'plus', 'time', 'high', 'expected', 'failure', 'activation', 'process', 'counter', 'otp', 'sent', 'work']",1,2025-05-06,Bank of Abyssinia (BOA),-0.775,negative,negative,0.9989790916442871,-1,"Account Access, Crashes & Bugs"
e255b972-0d40-4de1-99ff-44dbada62a16,it's really good 👍,really good,"['really', 'good']",5,2025-04-23,Bank of Abyssinia (BOA),0.4927,positive,positive,0.9998701810836792,1,Other
dbd9dbf2-47ee-4103-8631-cd0ef79f4344,Bad app . it stuck when you open and noting WORKS.,bad stuck open noting work,"['bad', 'stuck', 'open', 'noting', 'work']",1,2025-04-23,Bank of Abyssinia (BOA),-0.6705,negative,negative,0.9995198249816895,-1,Crashes & Bugs
8a4d9c01-9e5a-4732-a8ab-9341930b30c8,"the app isn't working after it asked me the password it starts loading, but it doesn't open",isnt working asked password start loading doesnt open,"['isnt', 'working', 'asked', 'password', 'start', 'loading', 'doesnt', 'open']",3,2025-04-20,Bank of Abyssinia (BOA),0.0,neutral,negative,0.9997255206108093,-1,"Account Access, Transaction Performance"
e523c50a-6f8f-4653-ad4d-5122ef8ddb9a,Best,best,['best'],2,2025-04-19,Bank of Abyssinia (BOA),0.6369,positive,positive,0.9997941851615906,1,Other
3271d45f-2900-41b6-878c-669ac563e60a,It keeps showing this pop up to turn off developer options even tho it's off! I had to turn on and then off to make it work! This is a horrible experience and needs a fix asap! Plus kinda slow.,keep showing pop turn developer option even tho turn make work horrible experience need fix asap plus kinda slow,"['keep', 'showing', 'pop', 'turn', 'developer', 'option', 'even', 'tho', 'turn', 'make', 'work', 'horrible', 'experience', 'need', 'fix', 'asap', 'plus', 'kinda', 'slow']",1,2025-04-19,Bank of Abyssinia (BOA),-0.6571,negative,negative,0.9996699094772339,-1,Transaction Performance
56788d9a-6194-40ce-b282-30c541eec4cf,yideg,yideg,['yideg'],1,2025-04-18,Bank of Abyssinia (BOA),0.0,neutral,negative,0.7675805687904358,-1,Other
527633dc-326a-40d3-8f50-663f5a355aee,great boa,great,['great'],5,2025-04-10,Bank of Abyssinia (BOA),0.6249,positive,positive,0.9992689490318298,1,Other
497345df-10e9-402a-bb96-88e16f8a803d,boa of mobile backing,mobile backing,"['mobile', 'backing']",5,2025-04-09,Bank of Abyssinia (BOA),0.0258,neutral,negative,0.980626106262207,-1,Other
f68ed25c-79db-4a9c-85e7-aaccd1671555,faster bank of Abissinya,faster abissinya,"['faster', 'abissinya']",5,2025-04-08,Bank of Abyssinia (BOA),0.0,neutral,positive,0.9722142815589905,1,Other
94ef86ef-6437-4c31-96c5-efeb7f32829f,i would have given it a lower if it was possible because it crush so much and it take the bank so long to fix the bug,would given lower possible crush much take long fix bug,"['would', 'given', 'lower', 'possible', 'crush', 'much', 'take', 'long', 'fix', 'bug']",1,2025-04-08,Bank of Abyssinia (BOA),-0.4215,negative,negative,0.9996716976165771,-1,"Crashes & Bugs, Payments & Cards"
3b48fff7-6b38-4099-9c7c-cabc1bbbd92b,it just doesn't work...so frustrating,doesnt workso frustrating,"['doesnt', 'workso', 'frustrating']",1,2025-04-07,Bank of Abyssinia (BOA),0.3412,positive,negative,0.999774158000946,-1,Other
94d9f11f-f866-4439-a91b-c258140070e7,like,like,['like'],5,2025-04-06,Bank of Abyssinia (BOA),0.3612,positive,positive,0.9910564422607422,1,Other
b10d3c9a-d5c8-422c-9bca-82a40310fb5c,it's not work correctly... you must have update it,work correctly must update,"['work', 'correctly', 'must', 'update']",1,2025-04-06,Bank of Abyssinia (BOA),0.0,neutral,negative,0.9998013377189636,-1,Feature Requests
8eed1a6d-6902-45fe-abc4-48dcbae22f85,"the app gets a considerable improvements like language , QR scanner and unlimited transfers survice. but BOA Please do alot on its fastness and convenient when we login and making a transactions.",get considerable improvement like language qr scanner unlimited transfer survice please alot fastness convenient login making transaction,"['get', 'considerable', 'improvement', 'like', 'language', 'qr', 'scanner', 'unlimited', 'transfer', 'survice', 'please', 'alot', 'fastness', 'convenient', 'login', 'making', 'transaction']",5,2025-04-04,Bank of Abyssinia (BOA),0.6542,positive,positive,0.9575352072715759,1,"Account Access, Transaction Performance"
b3a22053-e2b9-47e6-8083-a2e73a7c6bed,after i typed in my password it says successfully logged out ...and goes back to the first page,typed password say successfully logged go back first page,"['typed', 'password', 'say', 'successfully', 'logged', 'go', 'back', 'first', 'page']",2,2025-04-04,Bank of Abyssinia (BOA),0.4939,positive,neutral,0.5856835246086121,0,Account Access
53263f41-9dd6-4165-a24a-a41fda4c390c,good but they don't update enough don't add new things,good dont update enough dont add new thing,"['good', 'dont', 'update', 'enough', 'dont', 'add', 'new', 'thing']",3,2025-04-04,Bank of Abyssinia (BOA),0.2382,positive,negative,0.9693678617477417,-1,Feature Requests
6eec96bf-b4c9-4dde-9814-059cf54b3f86,it doesn't work period z slowest mobile banking ever i would rather use *815#,doesnt work period z slowest mobile banking ever would rather use,"['doesnt', 'work', 'period', 'z', 'slowest', 'mobile', 'banking', 'ever', 'would', 'rather', 'use']",1,2025-04-01,Bank of Abyssinia (BOA),0.0,neutral,negative,0.9990907907485962,-1,Transaction Performance
1197ad29-5063-4999-888c-589582754caa,"after activated the application it not allowed to sign , automatically it is turn off In my phone, why ?",activated application allowed sign automatically turn phone,"['activated', 'application', 'allowed', 'sign', 'automatically', 'turn', 'phone']",1,2025-03-31,Bank of Abyssinia (BOA),0.0,neutral,negative,0.9973751306533813,-1,Customer Support
2ac5df83-d25c-41c5-ae60-64c7a77159c5,good application,good application,"['good', 'application']",5,2025-03-30,Bank of Abyssinia (BOA),0.4404,positive,positive,0.999854564666748,1,Other
e9072e9a-76dc-49d1-b423-cb64c4656802,this version is not working for me I cannot even buy card. I cannot send money,version working even buy card send money,"['version', 'working', 'even', 'buy', 'card', 'send', 'money']",1,2025-03-30,Bank of Abyssinia (BOA),0.0,neutral,negative,0.9995684027671814,-1,Payments & Cards
e52a6ccb-dc16-472c-84ef-2969c08a9318,"It can't actively on initialization, it says incorrect OTP getting the exact OTP",cant actively initialization say incorrect otp getting exact otp,"['cant', 'actively', 'initialization', 'say', 'incorrect', 'otp', 'getting', 'exact', 'otp']",1,2025-03-29,Bank of Abyssinia (BOA),-0.2411,negative,negative,0.9996182918548584,-1,Account Access
34f5b18e-0a79-40bb-94b6-4430d08e0c17,always problematic hardly works,always problematic hardly work,"['always', 'problematic', 'hardly', 'work']",1,2025-03-26,Bank of Abyssinia (BOA),-0.4404,negative,negative,0.9995555281639099,-1,Other
b96d31a2-9360-43ab-ba3c-a44b324f8288,considering the fact the bank is huge this app really bad you could do better,considering fact huge really bad could better,"['considering', 'fact', 'huge', 'really', 'bad', 'could', 'better']",1,2025-03-25,Bank of Abyssinia (BOA),0.1045,positive,negative,0.9997418522834778,-1,Other
1648df61-5880-4d2a-9ec1-c393c9ac474d,"worst app and Bank ever u be ashamed, scammer",worst ever u ashamed scammer,"['worst', 'ever', 'u', 'ashamed', 'scammer']",1,2025-03-24,Bank of Abyssinia (BOA),-0.802,negative,negative,0.9998050332069397,-1,Security & Fraud
f1de5d59-8021-423b-a02a-958993f6e85f,great BoA,great,['great'],5,2025-03-22,Bank of Abyssinia (BOA),0.6249,positive,positive,0.9992689490318298,1,Other
5f3f6ba2-4517-48c3-b87d-f58179b8ef73,best,best,['best'],5,2025-03-21,Bank of Abyssinia (BOA),0.6369,positive,positive,0.9997941851615906,1,Other
6b5a5455-dcd0-4a2a-8cbb-f0deb5706498,i have went to the bank so many times because i couldn't make any transaction i can only see my balance nothing else so what is the point of having mobile banking if i can't make any transaction with it please work in that,went many time couldnt make transaction see balance nothing else point mobile banking cant make transaction please work,"['went', 'many', 'time', 'couldnt', 'make', 'transaction', 'see', 'balance', 'nothing', 'else', 'point', 'mobile', 'banking', 'cant', 'make', 'transaction', 'please', 'work']",1,2025-03-21,Bank of Abyssinia (BOA),0.3182,positive,negative,0.9988333582878113,-1,Other
376f374a-f480-46e2-bb4a-90e938ab3a59,there is no speed,speed,['speed'],1,2025-03-19,Bank of Abyssinia (BOA),-0.296,negative,negative,0.9994422793388367,-1,Other
c5cdb617-4335-491d-89ce-9c1aab9b0b2f,"For anyone who wants to download it, just don't!!!",anyone want download dont,"['anyone', 'want', 'download', 'dont']",1,2025-03-19,Bank of Abyssinia (BOA),0.0,neutral,negative,0.9993981122970581,-1,Other
26f2b9fc-1707-4e54-b04d-c9915a1e9a54,wonderful,wonderful,['wonderful'],5,2025-03-19,Bank of Abyssinia (BOA),0.5719,positive,positive,0.9998772144317627,1,Other
799f010a-f795-4ad7-ba24-b67c4939529e,all worck,worck,['worck'],5,2025-03-19,Bank of Abyssinia (BOA),0.0,neutral,negative,0.9971314668655396,-1,Other
e39414aa-0b2e-4c4d-9a21-8302487cdda4,Loved it,loved,['loved'],5,2025-03-14,Bank of Abyssinia (BOA),0.5994,positive,positive,0.9998797178268433,1,Other
c9a192de-b018-4dde-b0d0-b0201be0c3f7,Wow,wow,['wow'],1,2025-03-14,Bank of Abyssinia (BOA),0.5859,positive,positive,0.999592125415802,1,Other
7d475f3a-15b4-4e56-ae4b-1fc451749e61,"Edit: New bug, app not letting me type in my otp codes. Shameful Why does this app not allow me to use it while having developer options on? Did y'all consider that I might, perhaps, be an actual developer? Why am I expected to toggle the option on and off just to bank (restarting my phone when I do)? Why is the message labled as somthing that will ""smoothen"" the experience? This is like the most ""security consultant"" thing to implement in an app. Please invest in actual security, not this mess.",edit new bug letting type otp code shameful allow use developer option yall consider might perhaps actual developer expected toggle option restarting phone message labled somthing smoothen experience like security consultant thing implement please invest actual security mess,"['edit', 'new', 'bug', 'letting', 'type', 'otp', 'code', 'shameful', 'allow', 'use', 'developer', 'option', 'yall', 'consider', 'might', 'perhaps', 'actual', 'developer', 'expected', 'toggle', 'option', 'restarting', 'phone', 'message', 'labled', 'somthing', 'smoothen', 'experience', 'like', 'security', 'consultant', 'thing', 'implement', 'please', 'invest', 'actual', 'security', 'mess']",1,2025-03-12,Bank of Abyssinia (BOA),0.8121,positive,negative,0.9985970854759216,-1,"Account Access, Crashes & Bugs, Security & Fraud"
e68af2d6-0770-4110-b3dd-167bb54cd017,Improved to be the best,improved best,"['improved', 'best']",5,2025-03-11,Bank of Abyssinia (BOA),0.8074,positive,positive,0.9998570680618286,1,Other
0e5e093a-1cf1-4c49-87ed-046888b8afa9,"Decent, but there problems sometimes it says error When i transfer money but infact it transferred because of this bug i transferred 2 times instead of 1 and also we can't transfer money to others telebirr acc we only can to our self BOE Dev fix this !!!",decent problem sometimes say error transfer money infact transferred bug transferred time instead also cant transfer money others telebirr acc self boe dev fix,"['decent', 'problem', 'sometimes', 'say', 'error', 'transfer', 'money', 'infact', 'transferred', 'bug', 'transferred', 'time', 'instead', 'also', 'cant', 'transfer', 'money', 'others', 'telebirr', 'acc', 'self', 'boe', 'dev', 'fix']",3,2025-03-11,Bank of Abyssinia (BOA),-0.8392,negative,negative,0.9974843263626099,-1,"Crashes & Bugs, Transaction Performance"
35ea7b31-46fb-47a7-b9c4-8a5e06161abd,BoA Greqt Ethiopian bank.,greqt ethiopian,"['greqt', 'ethiopian']",5,2025-03-11,Bank of Abyssinia (BOA),0.0,neutral,negative,0.8457719683647156,-1,Other
c9f8ff21-b8d1-400f-bb94-c98399a25ad5,"The bug is still there,the app crashes every time i try to log in, especially in old phones like my Galaxy A32",bug still therethe crash every time try log especially old phone like galaxy,"['bug', 'still', 'therethe', 'crash', 'every', 'time', 'try', 'log', 'especially', 'old', 'phone', 'like', 'galaxy']",1,2025-03-10,Bank of Abyssinia (BOA),0.3612,positive,negative,0.9994600415229797,-1,Crashes & Bugs
df027023-1b65-40e9-b2bf-de6fedc17c5d,Almost better compared to cbe where it is not qualified for,almost better compared qualified,"['almost', 'better', 'compared', 'qualified']",4,2025-03-09,Bank of Abyssinia (BOA),0.3832,positive,negative,0.9741679430007935,-1,Other
73ce76e4-b7a2-4ed8-b6fd-f9b388bdb4a6,what awesome apps. it is very simple to use and more much important apps.,awesome apps simple use much important apps,"['awesome', 'apps', 'simple', 'use', 'much', 'important', 'apps']",5,2025-03-09,Bank of Abyssinia (BOA),0.7334,positive,positive,0.9998214840888977,1,Other
1cfcfa11-67f5-4315-9f2d-f47ab27f0910,Wonderfull app,wonderfull,['wonderfull'],5,2025-03-08,Bank of Abyssinia (BOA),0.0,neutral,positive,0.9998815059661865,1,Other
c292d2f8-1e0d-46ae-97f2-f3215a0bdf50,i can't use this app why?,cant use,"['cant', 'use']",5,2025-03-07,Bank of Abyssinia (BOA),0.0,neutral,negative,0.9993101358413696,-1,Other
1962d1c4-e2c2-4ac7-91b6-b0a75ae11d7a,Worst mobile banking app I ever experienced I was blaming other apps but comparing with this they're too much better!!!! It clashes it takes much longer time to login while loading in short it's a complete of trash,worst mobile banking ever experienced blaming apps comparing theyre much better clash take much longer time login loading short complete trash,"['worst', 'mobile', 'banking', 'ever', 'experienced', 'blaming', 'apps', 'comparing', 'theyre', 'much', 'better', 'clash', 'take', 'much', 'longer', 'time', 'login', 'loading', 'short', 'complete', 'trash']",1,2025-03-06,Bank of Abyssinia (BOA),-0.702,negative,negative,0.9997013211250305,-1,"Account Access, Transaction Performance"
7d468428-1ccb-4528-9984-9324db9b9d2b,bro the worst app made by human kind!! as a software engineer it make me so sad seeing enterprise as big as BOA make apps like this. it is a disgrace for our country!!,bro worst made human kind software engineer make sad seeing enterprise big make apps like disgrace country,"['bro', 'worst', 'made', 'human', 'kind', 'software', 'engineer', 'make', 'sad', 'seeing', 'enterprise', 'big', 'make', 'apps', 'like', 'disgrace', 'country']",1,2025-03-05,Bank of Abyssinia (BOA),-0.8205,negative,negative,0.9998133778572083,-1,Other
ab512ec6-2eaa-496c-b0a9-ee21a2d810be,AGA B Girja Miss language of admin Afaan oromo & other Itoophiyaa languages,aga b girja miss language admin afaan oromo itoophiyaa language,"['aga', 'b', 'girja', 'miss', 'language', 'admin', 'afaan', 'oromo', 'itoophiyaa', 'language']",1,2025-03-04,Bank of Abyssinia (BOA),-0.1531,negative,negative,0.9959415793418884,-1,Other
06384ab0-33e4-4d40-9ff0-735d46c30c17,Good app,good,['good'],5,2025-03-03,Bank of Abyssinia (BOA),0.4404,positive,positive,0.9998493194580078,1,Other
49b877c9-5536-4be5-8674-e3ae975fa0ed,"I downloaded the app for the first time while reading other customers reviews and as soon as i installed and opened the app it closes back automatically, what unserious bank, now i uninstalled the app immediately",downloaded first time reading customer review soon installed opened close back automatically unserious uninstalled immediately,"['downloaded', 'first', 'time', 'reading', 'customer', 'review', 'soon', 'installed', 'opened', 'close', 'back', 'automatically', 'unserious', 'uninstalled', 'immediately']",1,2025-03-03,Bank of Abyssinia (BOA),0.0,neutral,negative,0.9916398525238037,-1,Customer Support
529fe570-b1aa-48b7-b349-444b98c1fce7,It has good features but sometimes it doesn't work...0,good feature sometimes doesnt work,"['good', 'feature', 'sometimes', 'doesnt', 'work']",1,2025-03-02,Bank of Abyssinia (BOA),0.2382,positive,negative,0.9956711530685425,-1,Feature Requests
12f08f68-da19-4974-8086-304a40091d72,Very poor proformance,poor proformance,"['poor', 'proformance']",1,2025-03-01,Bank of Abyssinia (BOA),-0.5256,negative,negative,0.9998043179512024,-1,Other
b7206c5f-267e-44f1-b044-8f6f9392701d,It's not opening. Really frustrating,opening really frustrating,"['opening', 'really', 'frustrating']",1,2025-03-01,Bank of Abyssinia (BOA),0.3865,positive,negative,0.9997020363807678,-1,Other
d5e46c35-6bbf-4ce7-b184-cdc4c1e0eab1,Verry Amazing App from all IB,verry amazing ib,"['verry', 'amazing', 'ib']",5,2025-03-01,Bank of Abyssinia (BOA),0.5859,positive,positive,0.9997394680976868,1,Other
99172a2f-926c-48be-a1b0-3971b984b6b2,Not working on this days,working day,"['working', 'day']",1,2025-02-26,Bank of Abyssinia (BOA),0.0,neutral,negative,0.9972773194313049,-1,Other
781ff61a-6f89-4bb1-a455-9b66400b0cd7,Thank you BoA,thank,['thank'],5,2025-02-23,Bank of Abyssinia (BOA),0.3612,positive,positive,0.9998399019241333,1,Other
cf026bee-94e7-4b9c-8a46-034354f9d171,best banking app in the wworld,best banking wworld,"['best', 'banking', 'wworld']",5,2025-02-22,Bank of Abyssinia (BOA),0.6369,positive,positive,0.999572217464447,1,Other
9035f28b-9646-4fe9-80e1-6b6926b0289e,Nice app and it's easy to use,nice easy use,"['nice', 'easy', 'use']",5,2025-02-21,Bank of Abyssinia (BOA),0.6908,positive,positive,0.999751627445221,1,Other
25b7eec9-d1ef-41be-8bb3-3fd1b1cb8068,"please add language in the apps setting(amharic afan oromo, tigniya,and others) sometimes bank to bank transfer is not available through time and even if if it is available not reachable…it is serious issue!",please add language apps settingamharic afan oromo tigniyaand others sometimes transfer available time even available serious issue,"['please', 'add', 'language', 'apps', 'settingamharic', 'afan', 'oromo', 'tigniyaand', 'others', 'sometimes', 'transfer', 'available', 'time', 'even', 'available', 'serious', 'issue']",1,2025-02-15,Bank of Abyssinia (BOA),0.4242,positive,negative,0.9992678761482239,-1,"Feature Requests, Transaction Performance"
5e94fa10-612f-4422-8183-00d5050e8d98,This is help full i like ittttt,help full like ittttt,"['help', 'full', 'like', 'ittttt']",5,2025-02-14,Bank of Abyssinia (BOA),0.6369,positive,positive,0.9977995753288269,1,Customer Support
8d82d36e-ff01-40ab-83e7-cdb44af38a8e,The is not functional at all?,functional,['functional'],2,2025-02-12,Bank of Abyssinia (BOA),0.0,neutral,negative,0.9997331500053406,-1,Other
9b460da8-c607-47ba-89a3-76896c16c1e4,Best bank,best,['best'],5,2025-02-08,Bank of Abyssinia (BOA),0.6369,positive,positive,0.9997438788414001,1,Other
d77a87f6-2a20-4b6b-b7fa-acbb3d19b636,Make it easy and convienient to use and perfect for all to high prefrence and choice.,make easy convienient use perfect high prefrence choice,"['make', 'easy', 'convienient', 'use', 'perfect', 'high', 'prefrence', 'choice']",3,2025-02-07,Bank of Abyssinia (BOA),0.765,positive,positive,0.9997236132621765,1,Other
63c608e3-85ac-46ab-a948-1ab4a81bd575,I have been using this app for two years.It is amazing.,using two yearsit amazing,"['using', 'two', 'yearsit', 'amazing']",5,2025-02-01,Bank of Abyssinia (BOA),0.5859,positive,positive,0.9998595714569092,1,Other
6c922400-a56d-49e6-b5c6-d4bd7f806962,Good 👍,good,['good'],5,2025-01-31,Bank of Abyssinia (BOA),0.4404,positive,positive,0.9998576641082764,1,Other
d36c1143-5ada-44f9-a679-c90ac5fd5d5c,Sad experience,sad experience,"['sad', 'experience']",1,2025-01-30,Bank of Abyssinia (BOA),-0.4767,negative,negative,0.9990687966346741,-1,Other
c3b78417-6822-48b0-8c40-6f5f96d0e2b2,Always do update and that is annoying,always update annoying,"['always', 'update', 'annoying']",3,2025-01-27,Bank of Abyssinia (BOA),-0.4019,negative,negative,0.9994439482688904,-1,Feature Requests
86e6f672-4fd3-41dd-a49b-21e48aef587d,"Best app, somehow waiting a few minutes",best somehow waiting minute,"['best', 'somehow', 'waiting', 'minute']",5,2025-01-23,Bank of Abyssinia (BOA),0.6369,positive,negative,0.6387043595314026,-1,Other
7b07593c-a036-477b-b2d4-4e53fdc4c75e,I can't dijitalize my atm in the apollo app on my phone,cant dijitalize atm apollo phone,"['cant', 'dijitalize', 'atm', 'apollo', 'phone']",1,2025-01-22,Bank of Abyssinia (BOA),0.0,neutral,negative,0.9946038126945496,-1,Payments & Cards
06ad47bd-3a6a-45b4-ae10-6dd4170bc254,Whenever I try to sign in app close please fixed it out,whenever try sign close please fixed,"['whenever', 'try', 'sign', 'close', 'please', 'fixed']",2,2025-01-21,Bank of Abyssinia (BOA),0.3182,positive,negative,0.9976611137390137,-1,Other
e81c9036-4731-497a-ac35-81dfd3e7f42c,Beter,beter,['beter'],5,2025-01-21,Bank of Abyssinia (BOA),0.0,neutral,positive,0.6771945357322693,1,Other
feea8767-74e7-472a-81ba-7c8968b67b14,Boa,,[],4,2025-01-18,Bank of Abyssinia (BOA),0.0,neutral,negative,0.7410533428192139,-1,Other
0a72e292-175c-4f96-be54-991436c22c8e,Aadan Axmed Barkhadle,aadan axmed barkhadle,"['aadan', 'axmed', 'barkhadle']",5,2025-01-17,Bank of Abyssinia (BOA),0.0,neutral,positive,0.612751841545105,1,Other
46c41e87-0d7a-491b-8641-2c1acdaddea3,Horrible customer service and app crashes Horrible!!,horrible customer service crash horrible,"['horrible', 'customer', 'service', 'crash', 'horrible']",1,2025-01-15,Bank of Abyssinia (BOA),-0.8217,negative,negative,0.9997913241386414,-1,"Crashes & Bugs, Customer Support"
9f4f98fc-8a93-414d-9219-f03dbebaf5b0,I love it,love,['love'],5,2025-01-14,Bank of Abyssinia (BOA),0.6369,positive,positive,0.9998799562454224,1,Other
1c339143-79e1-4f37-9ea7-398b7844903b,It keeps asking me to turn off developer mode even when dev mode is off. Couldn't use it.,keep asking turn developer mode even dev mode couldnt use,"['keep', 'asking', 'turn', 'developer', 'mode', 'even', 'dev', 'mode', 'couldnt', 'use']",1,2025-01-13,Bank of Abyssinia (BOA),0.0,neutral,negative,0.9985793828964233,-1,Other
30494702-39d6-493b-be77-d2a0f116ba73,Good🙏,good,['good'],5,2025-01-12,Bank of Abyssinia (BOA),0.0,neutral,negative,0.6970562934875488,-1,Other
5055c357-676d-41eb-824d-48f9e78f41e7,Like to much,like much,"['like', 'much']",5,2025-01-11,Bank of Abyssinia (BOA),0.3612,positive,positive,0.9997984766960144,1,Other
94acd1f3-c7e3-493f-9ded-b1f4186ac41b,Thank you,thank,['thank'],5,2025-01-10,Bank of Abyssinia (BOA),0.3612,positive,positive,0.9998352527618408,1,Other
b3df844f-7e31-4b64-a029-381687431ca3,Perfect,perfect,['perfect'],5,2025-01-09,Bank of Abyssinia (BOA),0.5719,positive,positive,0.9998517036437988,1,Other
0fbb5047-8399-4b6f-b063-ddcdeb3e209c,The best of best,best best,"['best', 'best']",5,2025-01-09,Bank of Abyssinia (BOA),0.8555,positive,positive,0.9998393058776855,1,Other
fb9a7444-76cf-4f2d-a8be-72d3009a034c,I was using this app for long time it amazing user friendly UI but the i can't found for get pin button in the app,using long time amazing user friendly ui cant found get pin button,"['using', 'long', 'time', 'amazing', 'user', 'friendly', 'ui', 'cant', 'found', 'get', 'pin', 'button']",3,2025-01-07,Bank of Abyssinia (BOA),0.5423,positive,negative,0.9016596674919128,-1,"Account Access, UI / UX"
4b5e8c4c-197d-42c4-bcbf-5765ec02a62b,Great 👍,great,['great'],5,2025-01-04,Bank of Abyssinia (BOA),0.6249,positive,positive,0.9997692704200745,1,Other
9bea391b-234f-439d-a844-47d0c839a89a,Fast and suitable for the customers.,fast suitable customer,"['fast', 'suitable', 'customer']",5,2025-01-04,Bank of Abyssinia (BOA),0.0,neutral,positive,0.9997920393943787,1,"Customer Support, UI / UX"
cd4d09a6-07d1-44e8-9b1e-d990c3b0b70a,Good app and helpful,good helpful,"['good', 'helpful']",5,2025-01-03,Bank of Abyssinia (BOA),0.6908,positive,positive,0.9998565912246704,1,Customer Support
a7888312-64d5-44d6-b708-a6d29b168825,"I will give only one star, because it faced with multiple of problems. 1. The app is not as fast as the other banks App, for e.g like CBE 2. The App asks repeatedly to switch off developer options, even if it is switched off. 3. Bank of Abyssinia's services are interesting, but they ignored the issues on the App service. 4. Most customers gave a complain on the App, but no one accept their complain to fix the issue. 5. Lastly, I will not recommend the App unless the issue has been solved ASAP!!",give one star faced multiple problem fast bank eg like asks repeatedly switch developer option even switched abyssinia service interesting ignored issue service customer gave complain one accept complain fix issue lastly recommend unless issue solved asap,"['give', 'one', 'star', 'faced', 'multiple', 'problem', 'fast', 'bank', 'eg', 'like', 'asks', 'repeatedly', 'switch', 'developer', 'option', 'even', 'switched', 'abyssinia', 'service', 'interesting', 'ignored', 'issue', 'service', 'customer', 'gave', 'complain', 'one', 'accept', 'complain', 'fix', 'issue', 'lastly', 'recommend', 'unless', 'issue', 'solved', 'asap']",1,2025-01-03,Bank of Abyssinia (BOA),-0.8587,negative,negative,0.9978498220443726,-1,Customer Support
800bc191-3aec-4666-9f08-4a393dc8501f,By assessing this you can tell Abyssinia bank has no idea what mobile banking is ?,assessing tell abyssinia idea mobile banking,"['assessing', 'tell', 'abyssinia', 'idea', 'mobile', 'banking']",1,2025-01-02,Bank of Abyssinia (BOA),-0.296,negative,negative,0.9992759823799133,-1,Other
c194a70d-aa2b-4775-8da5-bf51d1c51d2a,It doesn't work at all.,doesnt work,"['doesnt', 'work']",2,2025-01-02,Bank of Abyssinia (BOA),0.0,neutral,negative,0.9997771382331848,-1,Other
06692c6b-978f-4b52-bb83-6c38a11b2822,this app is not available,available,['available'],1,2025-01-02,Bank of Abyssinia (BOA),0.0,neutral,negative,0.9997593760490417,-1,Other
89d3f60c-c554-4f6d-9436-ec9c80e8565f,Wow what amazing,wow amazing,"['wow', 'amazing']",5,2024-12-30,Bank of Abyssinia (BOA),0.8225,positive,positive,0.9998555183410645,1,Other
3988392f-8e33-44f3-806b-557e12954c67,love it,love,['love'],5,2024-12-30,Bank of Abyssinia (BOA),0.6369,positive,positive,0.9998753070831299,1,Other
c3a41a6c-cb85-4083-93d4-3bd6a57a339d,Lemn embi yilal??,lemn embi yilal,"['lemn', 'embi', 'yilal']",5,2024-12-30,Bank of Abyssinia (BOA),0.0,neutral,negative,0.9906971454620361,-1,Other
ea3d98d4-671c-4ac5-ab1d-f4d9177b1947,It's useless app downgraded.,useless downgraded,"['useless', 'downgraded']",1,2024-12-29,Bank of Abyssinia (BOA),-0.4215,negative,negative,0.9998070597648621,-1,Other
2d52d1a5-525c-4655-b858-e8d0d2e20bc2,Why is not letting me access my account. The whole point of this app is for me to gey access to my account without physically being at the bank. I would give it a zero but a one will suffice to get my point accross.,letting access account whole point gey access account without physically would give zero one suffice get point accross,"['letting', 'access', 'account', 'whole', 'point', 'gey', 'access', 'account', 'without', 'physically', 'would', 'give', 'zero', 'one', 'suffice', 'get', 'point', 'accross']",1,2024-12-27,Bank of Abyssinia (BOA),0.0,neutral,negative,0.7652372717857361,-1,Customer Support
e5e17a9f-1d1b-4f8e-a984-9a43eb48f8bd,Nice,nice,['nice'],5,2024-12-26,Bank of Abyssinia (BOA),0.4215,positive,positive,0.9998552799224854,1,Other
6f08a7e9-d374-4337-aa1c-929bc4157b1b,When are you going to get rid of this and have a real app that works? By far the worst mobile banking app.,going get rid real work far worst mobile banking,"['going', 'get', 'rid', 'real', 'work', 'far', 'worst', 'mobile', 'banking']",1,2024-12-24,Bank of Abyssinia (BOA),-0.6249,negative,negative,0.9997933506965637,-1,Other
4081310f-afcd-4c93-a22c-e9bd240129a9,Not that much bad,much bad,"['much', 'bad']",3,2024-12-22,Bank of Abyssinia (BOA),0.431,positive,positive,0.9988158941268921,1,Other
80aa6fcd-465d-457e-a55e-3fd747d894bd,Fine,fine,['fine'],5,2024-12-21,Bank of Abyssinia (BOA),0.2023,positive,positive,0.9998335838317871,1,Other
6e64d84c-1cec-4122-91d6-049d64f0b1ad,The dirtiest application ever seen...,dirtiest application ever seen,"['dirtiest', 'application', 'ever', 'seen']",1,2024-12-20,Bank of Abyssinia (BOA),-0.5267,negative,negative,0.9954877495765686,-1,Other
355cd8fe-a56a-4955-a4ae-c0cfe1fbdbcd,Nic ap,nic ap,"['nic', 'ap']",5,2024-12-19,Bank of Abyssinia (BOA),0.0,neutral,positive,0.9873360991477966,1,Other
c44d86b2-4bea-423b-a3d6-069baf1a492a,The forest app ever,forest ever,"['forest', 'ever']",1,2024-12-19,Bank of Abyssinia (BOA),0.0,neutral,positive,0.9840953946113586,1,Other
f467c327-ab9b-4e79-8d97-2e1b573f6c98,"I love BoA more than anyone but they are cursed when it comed to mobile banking. Even though this ine is hetter it still s*cks! It will ask me to turn off developer options other wise it won't work! I use CBE, Awash birr, tekebirr, Dashen bank and others but non of them asked me this, why only BoA? Please improve your mobile banking, be competitive!",love anyone cursed comed mobile banking even though ine hetter still scks ask turn developer option wise wont work use awash birr tekebirr others non asked please improve mobile banking competitive,"['love', 'anyone', 'cursed', 'comed', 'mobile', 'banking', 'even', 'though', 'ine', 'hetter', 'still', 'scks', 'ask', 'turn', 'developer', 'option', 'wise', 'wont', 'work', 'use', 'awash', 'birr', 'tekebirr', 'others', 'non', 'asked', 'please', 'improve', 'mobile', 'banking', 'competitive']",1,2024-12-19,Bank of Abyssinia (BOA),0.9475,positive,negative,0.9967040419578552,-1,Other
8b6153b2-b998-4cc2-bae6-a27ff50642c9,Bank of abissena,abissena,['abissena'],1,2024-12-17,Bank of Abyssinia (BOA),0.0,neutral,positive,0.9480116367340088,1,Other
b9b684de-8146-46ae-b1fa-8f07272c6fd2,"Easy and sooo simple to use it, also its easy to stole someones money using the app",easy sooo simple use also easy stole someone money using,"['easy', 'sooo', 'simple', 'use', 'also', 'easy', 'stole', 'someone', 'money', 'using']",3,2024-12-16,Bank of Abyssinia (BOA),0.7003,positive,negative,0.9888866543769836,-1,Other
baea25ff-25f4-4327-81c5-2681be122ee9,GOOD,good,['good'],5,2024-12-15,Bank of Abyssinia (BOA),0.4404,positive,positive,0.9998161196708679,1,Other
56e4df5e-cfd9-4c86-b9b7-ec322a07674e,The worst banking app ever. Never works!,worst banking ever never work,"['worst', 'banking', 'ever', 'never', 'work']",1,2024-12-14,Bank of Abyssinia (BOA),-0.6588,negative,negative,0.9998007416725159,-1,Other
e4c77ae3-0541-45b5-84da-a02029e99719,Poorly functioning app,poorly functioning,"['poorly', 'functioning']",3,2024-12-13,Bank of Abyssinia (BOA),0.0,neutral,negative,0.999775230884552,-1,Other
5c671d11-5836-41bc-a33b-ade0a31299ef,Very nice,nice,['nice'],5,2024-12-13,Bank of Abyssinia (BOA),0.4754,positive,positive,0.9998563528060913,1,Other
56fe3f96-f2d8-4b8f-9766-8305907650d0,Your system is the worst you should do better😡😡😡😡😡😡,system worst better,"['system', 'worst', 'better']",2,2024-12-11,Bank of Abyssinia (BOA),-0.6249,negative,negative,0.9998007416725159,-1,Other
2795b1e3-ccdc-4b4a-8c25-cd4c6cc0d2ba,It has been a while since you guys started giving the mobile app service but still couldn't get it to work. I'm sure you know that it doesn't work already but not sure if you're lazy or incompetent to fix it. You are losing business because of this. Complacency will have consequences.,since guy started giving mobile service still couldnt get work im sure know doesnt work already sure youre lazy incompetent fix losing business complacency consequence,"['since', 'guy', 'started', 'giving', 'mobile', 'service', 'still', 'couldnt', 'get', 'work', 'im', 'sure', 'know', 'doesnt', 'work', 'already', 'sure', 'youre', 'lazy', 'incompetent', 'fix', 'losing', 'business', 'complacency', 'consequence']",1,2024-12-10,Bank of Abyssinia (BOA),-0.6369,negative,negative,0.9997615218162537,-1,Customer Support
93bee220-7c85-4d30-ba6f-c8168c201b5a,"This is the best app; many features are awesome, but it should work without the need to turn off the developer options. I'm tired of having to constantly switch the developer options off and on. I've been expressing my struggles about this. I have precious settings enabled in the developer options, and to open the App Boa app, I have to turn them off. Please help us, Abyssinia Bank. I hope you can provide an update soon.",best many feature awesome work without need turn developer option im tired constantly switch developer option ive expressing struggle precious setting enabled developer option open turn please help u abyssinia hope provide update soon,"['best', 'many', 'feature', 'awesome', 'work', 'without', 'need', 'turn', 'developer', 'option', 'im', 'tired', 'constantly', 'switch', 'developer', 'option', 'ive', 'expressing', 'struggle', 'precious', 'setting', 'enabled', 'developer', 'option', 'open', 'turn', 'please', 'help', 'u', 'abyssinia', 'hope', 'provide', 'update', 'soon']",4,2024-12-08,Bank of Abyssinia (BOA),0.9253,positive,positive,0.9543284177780151,1,"Customer Support, Feature Requests"
6fe3a0f0-e9dd-4dcb-81ab-e478b1239d55,"I’m giving this app one star because there are no options below that. My experience has been incredibly frustrating due to the extremely long loading times, and the app even closes automatically at times. People choose mobile banking for its convenience, but this app is far too time-consuming, making it the worst I’ve used. I hope improvements are made to enhance the user experience.",giving one star option experience incredibly frustrating due extremely long loading time even close automatically time people choose mobile banking convenience far timeconsuming making worst used hope improvement made enhance user experience,"['giving', 'one', 'star', 'option', 'experience', 'incredibly', 'frustrating', 'due', 'extremely', 'long', 'loading', 'time', 'even', 'close', 'automatically', 'time', 'people', 'choose', 'mobile', 'banking', 'convenience', 'far', 'timeconsuming', 'making', 'worst', 'used', 'hope', 'improvement', 'made', 'enhance', 'user', 'experience']",1,2024-12-07,Bank of Abyssinia (BOA),-0.2135,negative,negative,0.9997000694274902,-1,"Customer Support, Transaction Performance"
9815bb8a-2108-49fe-8292-fb360aed8331,Very unprofessional and mischievous bank in my opinion. I have had several occasions but recently I used Abyssinia Card to withdraw money and it was deducted from my account but despite reporting several times they said they are processing it but I learned yesterday that since it has been 3 months the bank has decided to include it in their income. How absurd. If you can avoid this bank.,unprofessional mischievous opinion several occasion recently used abyssinia card withdraw money deducted account despite reporting several time said processing learned yesterday since month decided include income absurd avoid,"['unprofessional', 'mischievous', 'opinion', 'several', 'occasion', 'recently', 'used', 'abyssinia', 'card', 'withdraw', 'money', 'deducted', 'account', 'despite', 'reporting', 'several', 'time', 'said', 'processing', 'learned', 'yesterday', 'since', 'month', 'decided', 'include', 'income', 'absurd', 'avoid']",1,2024-12-06,Bank of Abyssinia (BOA),-0.6245,negative,negative,0.9941067695617676,-1,"Account Access, Payments & Cards, Transaction Performance"
f07f9c2b-112a-4fe7-9187-0da7683616bc,It doesn't work on my 2 devices A05 and A34 😡,doesnt work device,"['doesnt', 'work', 'device']",1,2024-12-02,Bank of Abyssinia (BOA),0.0,neutral,negative,0.9996792078018188,-1,Other
709e40a3-94cf-4414-9d03-b83ab5783be2,My attention is very important because it will be the most difficult time for me,attention important difficult time,"['attention', 'important', 'difficult', 'time']",5,2024-11-30,Bank of Abyssinia (BOA),-0.1779,negative,positive,0.992617666721344,1,Other
c150161c-e679-408f-aa76-41f4c9787f9a,"I have a worst experience while using this mobile application through out the year. Most of the time it fails to ""Login"" or automatically closed the app. And also it takes so much loading time (5 minutes +) trying to access the internal services. Sometimes also while transferring within and to other bank also fails. So, BOA please fix your app.",worst experience using mobile application year time fails login automatically closed also take much loading time minute trying access internal service sometimes also transferring within also fails please fix,"['worst', 'experience', 'using', 'mobile', 'application', 'year', 'time', 'fails', 'login', 'automatically', 'closed', 'also', 'take', 'much', 'loading', 'time', 'minute', 'trying', 'access', 'internal', 'service', 'sometimes', 'also', 'transferring', 'within', 'also', 'fails', 'please', 'fix']",1,2024-11-29,Bank of Abyssinia (BOA),-0.7976,negative,negative,0.9998001456260681,-1,"Account Access, Crashes & Bugs, Customer Support, Transaction Performance"
8c12373b-e19d-494f-8506-a54490d9709b,I don't know why but your apps start out great then all of a sudden don't work🤷‍♀️,dont know apps start great sudden dont,"['dont', 'know', 'apps', 'start', 'great', 'sudden', 'dont']",1,2024-11-28,Bank of Abyssinia (BOA),0.7684,positive,positive,0.8064301609992981,1,Other
1756e606-985f-44eb-bab4-95bcf0848416,This application is losing major factions on a daily basis. I can count how many times I have used this app; it is completely useless and disappointing if I am not going to use it in times of need then I don't see the point.,application losing major faction daily basis count many time used completely useless disappointing going use time need dont see point,"['application', 'losing', 'major', 'faction', 'daily', 'basis', 'count', 'many', 'time', 'used', 'completely', 'useless', 'disappointing', 'going', 'use', 'time', 'need', 'dont', 'see', 'point']",1,2024-11-28,Bank of Abyssinia (BOA),-0.8464,negative,negative,0.9997996687889099,-1,Other
a49183c0-2f37-4898-a64e-ab1cce218c2d,exellent digital transaction of money,exellent digital transaction money,"['exellent', 'digital', 'transaction', 'money']",5,2024-11-27,Bank of Abyssinia (BOA),0.0,neutral,negative,0.9944479465484619,-1,Other
5816b056-8f44-4faf-92a4-a28efd01448b,The latest update has stopped android 9 phones not to open this App. Never work properly since i started using it.,latest update stopped android phone open never work properly since started using,"['latest', 'update', 'stopped', 'android', 'phone', 'open', 'never', 'work', 'properly', 'since', 'started', 'using']",1,2024-11-26,Bank of Abyssinia (BOA),-0.2263,negative,negative,0.9997497200965881,-1,Feature Requests
600f542d-2c2f-4c6a-b49e-4f196764cfa9,Money,money,['money'],5,2024-11-24,Bank of Abyssinia (BOA),0.0,neutral,positive,0.9659324884414673,1,Other
bd0a4a80-4971-4156-9418-bef834d65877,It needs more improvment,need improvment,"['need', 'improvment']",2,2024-11-24,Bank of Abyssinia (BOA),0.0,neutral,negative,0.998616099357605,-1,Other
e8a2d836-1548-4ddd-935b-a6c280ac8043,ab,ab,['ab'],3,2024-11-20,Bank of Abyssinia (BOA),0.0,neutral,positive,0.9603193998336792,1,Other
ed76ddde-f121-4372-b182-4c5df2b80685,Ademtahir,ademtahir,['ademtahir'],5,2024-11-20,Bank of Abyssinia (BOA),0.0,neutral,positive,0.9930111765861511,1,Other
3d00a389-ea31-4ae9-ae70-9014f48845ca,Please this app on my android phone,please android phone,"['please', 'android', 'phone']",3,2024-11-20,Bank of Abyssinia (BOA),0.3182,positive,positive,0.6488650441169739,1,Other
87a5eda7-9ff6-43ca-a3d4-baf44802a3dc,GOAT 🐐 🐐,goat,['goat'],5,2024-11-19,Bank of Abyssinia (BOA),0.0,neutral,negative,0.9337347149848938,-1,Other
d9c98c7f-3df6-466f-a6fc-820cb281fad1,"Your app doesn't match your bank, the app is disaster, super slow. Please learn something from tele birr app.",doesnt match disaster super slow please learn something tele birr,"['doesnt', 'match', 'disaster', 'super', 'slow', 'please', 'learn', 'something', 'tele', 'birr']",1,2024-11-19,Bank of Abyssinia (BOA),0.2732,positive,negative,0.9994460940361023,-1,Transaction Performance
695331e7-0600-4a44-805b-255770e5f33b,Fast and reliable,fast reliable,"['fast', 'reliable']",5,2024-11-18,Bank of Abyssinia (BOA),0.0,neutral,positive,0.9998595714569092,1,Other
3d362e0c-4c39-498b-8b61-b52226effacd,"The worst app update ever. Why would you include the ""developer option off"" thing here? Why do you care? It is my phone my money, right? That is the reason why I switched to other banks. So either turn it off or everyone will discontinue their business one by one.",worst update ever would include developer option thing care phone money right reason switched bank either turn everyone discontinue business one one,"['worst', 'update', 'ever', 'would', 'include', 'developer', 'option', 'thing', 'care', 'phone', 'money', 'right', 'reason', 'switched', 'bank', 'either', 'turn', 'everyone', 'discontinue', 'business', 'one', 'one']",1,2024-11-17,Bank of Abyssinia (BOA),-0.3485,negative,negative,0.9998020529747009,-1,Feature Requests
8820e991-f423-4207-84ee-1504f70f3f99,Very good,good,['good'],5,2024-11-14,Bank of Abyssinia (BOA),0.4927,positive,positive,0.9998520612716675,1,Other
f106cb33-9dcb-4a38-a65d-3cbb1a9a790e,One of the poorest mobile banking system,one poorest mobile banking system,"['one', 'poorest', 'mobile', 'banking', 'system']",1,2024-11-13,Bank of Abyssinia (BOA),-0.5423,negative,negative,0.9997566342353821,-1,Other
31842334-938e-4309-8db6-d6f4f9da1fcf,Oene,oene,['oene'],5,2024-11-12,Bank of Abyssinia (BOA),0.0,neutral,positive,0.8278862833976746,1,Other
6446c637-4d71-4aa9-b09c-abcc44110734,i find it interesting specially in reciept downloading,find interesting specially reciept downloading,"['find', 'interesting', 'specially', 'reciept', 'downloading']",1,2024-11-12,Bank of Abyssinia (BOA),0.4019,positive,positive,0.9981314539909363,1,Transaction Performance
e165c4d1-4d0e-4f81-920a-3d7f2a3acc38,it good,good,['good'],5,2024-11-12,Bank of Abyssinia (BOA),0.4404,positive,positive,0.9998427629470825,1,Other
e086cf56-30a1-4650-b7c7-492dbab0f831,"This app crashes everytime, please fix it",crash everytime please fix,"['crash', 'everytime', 'please', 'fix']",1,2024-11-12,Bank of Abyssinia (BOA),0.3182,positive,negative,0.9996472597122192,-1,Crashes & Bugs
316e654c-3526-4bca-8086-60b63895f732,I need a support the app is not working,need support working,"['need', 'support', 'working']",5,2024-11-12,Bank of Abyssinia (BOA),0.4019,positive,negative,0.9998034834861755,-1,Customer Support
553a157d-5f77-4f45-849e-6985fd3f61ca,Bast bank of ethiopia,bast ethiopia,"['bast', 'ethiopia']",5,2024-11-12,Bank of Abyssinia (BOA),0.0,neutral,positive,0.9978061318397522,1,Other
d7d3b979-cd01-4ecf-936f-02cb87adc6b3,"thank you for your social services like, vertual banking, non touch ATM, Cadrless and withdrwal with out passbook...",thank social service like vertual banking non touch atm cadrless withdrwal passbook,"['thank', 'social', 'service', 'like', 'vertual', 'banking', 'non', 'touch', 'atm', 'cadrless', 'withdrwal', 'passbook']",5,2024-11-12,Bank of Abyssinia (BOA),0.6124,positive,positive,0.9878897070884705,1,"Customer Support, Payments & Cards"
fe160342-c4b4-442c-910c-2ddce8172994,The worst App i have never seen like this before,worst never seen like,"['worst', 'never', 'seen', 'like']",1,2024-11-12,Bank of Abyssinia (BOA),-0.7359,negative,negative,0.999774158000946,-1,Other
e1751a71-a0e6-47a5-9045-9bf2423acfed,Wweeeer,wweeeer,['wweeeer'],4,2024-11-12,Bank of Abyssinia (BOA),0.0,neutral,negative,0.8910732269287109,-1,Other
a9aef84b-de22-4145-b107-b18b44ea617d,Infinx,infinx,['infinx'],5,2024-11-12,Bank of Abyssinia (BOA),0.0,neutral,negative,0.904255747795105,-1,Other
193d231d-a098-4e8b-992e-96c9d9b43bee,Great service,great service,"['great', 'service']",5,2024-11-12,Bank of Abyssinia (BOA),0.6249,positive,positive,0.9998434782028198,1,Customer Support
10cdcbf6-81ab-4281-8583-665788be8e91,This app is not available on all android versions and some times it is not functional.,available android version time functional,"['available', 'android', 'version', 'time', 'functional']",1,2024-11-08,Bank of Abyssinia (BOA),0.0,neutral,negative,0.9997187256813049,-1,Other
d8ad8495-2424-4c41-9e0c-7f484eedacc0,senayt Mesfin,senayt mesfin,"['senayt', 'mesfin']",4,2024-11-08,Bank of Abyssinia (BOA),0.0,neutral,positive,0.8874820470809937,1,Other
8405e36b-c5ee-4a39-92b8-2bbda678dcf1,Bad app vety bad.,bad vety bad,"['bad', 'vety', 'bad']",1,2024-11-07,Bank of Abyssinia (BOA),-0.7906,negative,negative,0.9998058676719666,-1,Other
ad41ef41-4f31-4dc7-a2dc-b48d3d38a5cd,Abessnya Banke,abessnya banke,"['abessnya', 'banke']",5,2024-11-05,Bank of Abyssinia (BOA),0.0,neutral,negative,0.9873653054237366,-1,Other
ac6715ed-80bf-4720-8893-cd6f0340c82c,"The most useless app, I never expected such an irrelevant app from BOA. big shame!",useless never expected irrelevant big shame,"['useless', 'never', 'expected', 'irrelevant', 'big', 'shame']",1,2024-11-04,Bank of Abyssinia (BOA),-0.7569,negative,negative,0.9997209906578064,-1,Other
1278f570-8dea-4557-a749-5466685c05e4,Professional on banking app,professional banking,"['professional', 'banking']",5,2024-11-01,Bank of Abyssinia (BOA),0.0,neutral,positive,0.9616296291351318,1,Other
169b6d5b-b5df-4a42-9168-ce968142da5b,Has some nice interface but always freezes or slow to load .App developers please fix this issue.,nice interface always freeze slow load developer please fix issue,"['nice', 'interface', 'always', 'freeze', 'slow', 'load', 'developer', 'please', 'fix', 'issue']",3,2024-10-27,Bank of Abyssinia (BOA),0.5719,positive,negative,0.993607759475708,-1,"Transaction Performance, UI / UX"
518dfdbb-4c08-469f-aee2-3caba92930ac,Please try another because this app doesn't feet the need of this generation,please try another doesnt foot need generation,"['please', 'try', 'another', 'doesnt', 'foot', 'need', 'generation']",1,2024-10-25,Bank of Abyssinia (BOA),0.3182,positive,negative,0.9962698221206665,-1,Other
a151105b-8d49-4e7a-bf55-62feca737e04,Fast transfer,fast transfer,"['fast', 'transfer']",5,2024-10-24,Bank of Abyssinia (BOA),0.0,neutral,positive,0.9989985823631287,1,Transaction Performance
9b20307d-6ea1-4920-a74f-b5d6f16390bb,"What's up I can't log in, what's wrong",whats cant log whats wrong,"['whats', 'cant', 'log', 'whats', 'wrong']",5,2024-10-22,Bank of Abyssinia (BOA),-0.4767,negative,negative,0.9989662170410156,-1,Other
908563f1-4304-45f7-a634-e4e4e64e8118,Amrumehamed,amrumehamed,['amrumehamed'],1,2024-10-21,Bank of Abyssinia (BOA),0.0,neutral,positive,0.6924046874046326,1,Other
4fe26762-e4bf-4ebd-bbeb-538577f6d724,"Nice to meet you my proud bank in Ethiopia.. I'm a member of this bank, i need to solve my problem of international receiving money for me from my online digital working service's over the world please? I'm working a lot of international money.But i can't get direct in Ethiopia because of don't knowing the legal ways of getting money in Ethiopia please can I get and direct deposit with BoA please 🙏🙏🙏?",nice meet proud ethiopia im member need solve problem international receiving money online digital working service world please im working lot international moneybut cant get direct ethiopia dont knowing legal way getting money ethiopia please get direct deposit please,"['nice', 'meet', 'proud', 'ethiopia', 'im', 'member', 'need', 'solve', 'problem', 'international', 'receiving', 'money', 'online', 'digital', 'working', 'service', 'world', 'please', 'im', 'working', 'lot', 'international', 'moneybut', 'cant', 'get', 'direct', 'ethiopia', 'dont', 'knowing', 'legal', 'way', 'getting', 'money', 'ethiopia', 'please', 'get', 'direct', 'deposit', 'please']",5,2024-10-18,Bank of Abyssinia (BOA),0.8717,positive,positive,0.9683734774589539,1,"Customer Support, Payments & Cards"
03ed7b23-17b8-4ae5-9c2f-29922a888edf,"Terrible Bank Experience It’s unbelievable that with all the modern technology, this bank still struggles with even basic transactions. The app constantly crashes, services are limited, and every time I try to transfer money or load Telebirr, there’s a huge delay. I have to wait 5 days for failed transactions to be refunded! Even USSD is unreliable. They’ve put me in embarrassing situations countless times, and customer care never fixes anything. I’ve switched banks, and you should too!",terrible experience unbelievable modern technology still struggle even basic transaction constantly crash service limited every time try transfer money load telebirr huge delay wait day failed transaction refunded even ussd unreliable put embarrassing situation countless time customer care never fix anything switched bank,"['terrible', 'experience', 'unbelievable', 'modern', 'technology', 'still', 'struggle', 'even', 'basic', 'transaction', 'constantly', 'crash', 'service', 'limited', 'every', 'time', 'try', 'transfer', 'money', 'load', 'telebirr', 'huge', 'delay', 'wait', 'day', 'failed', 'transaction', 'refunded', 'even', 'ussd', 'unreliable', 'put', 'embarrassing', 'situation', 'countless', 'time', 'customer', 'care', 'never', 'fix', 'anything', 'switched', 'bank']",1,2024-10-14,Bank of Abyssinia (BOA),-0.8395,negative,negative,0.9995194673538208,-1,"Crashes & Bugs, Customer Support, Transaction Performance"
df4d9c87-1a87-4a1d-8900-581c52470725,A painfully slow banking app service. Please don't make it your choice!,painfully slow banking service please dont make choice,"['painfully', 'slow', 'banking', 'service', 'please', 'dont', 'make', 'choice']",1,2024-10-13,Bank of Abyssinia (BOA),-0.3382,negative,negative,0.999660849571228,-1,"Customer Support, Transaction Performance"
5d22ff1e-78a6-4da7-8128-fa0bfd0f4850,Good App,good,['good'],4,2024-10-12,Bank of Abyssinia (BOA),0.4404,positive,positive,0.9998493194580078,1,Other
e3dac0d5-d198-42ee-8536-2d6fd0365164,Best app to me,best,['best'],5,2024-10-11,Bank of Abyssinia (BOA),0.6369,positive,positive,0.9978218078613281,1,Other
3394a77e-9fd2-41f9-be45-00812de92767,BOA,,[],5,2024-10-11,Bank of Abyssinia (BOA),0.0,neutral,negative,0.7410533428192139,-1,Other
a526225b-3f7c-4dd0-8772-8ce18eea7318,Abdulkadir,abdulkadir,['abdulkadir'],5,2024-10-11,Bank of Abyssinia (BOA),0.0,neutral,positive,0.981449544429779,1,Other
be744ade-9b10-4b61-a1ee-5afc836bf602,Bad,bad,['bad'],1,2024-10-10,Bank of Abyssinia (BOA),-0.5423,negative,negative,0.999782383441925,-1,Other
1d49e80a-b12c-4cd5-abd9-b9b2d6612d64,If it is possible I would gove0 star,possible would gove star,"['possible', 'would', 'gove', 'star']",1,2024-10-08,Bank of Abyssinia (BOA),0.0,neutral,negative,0.9928192496299744,-1,Payments & Cards
d1c75600-5e8d-416b-8627-b3700bc64633,Nise mobile bankig,nise mobile bankig,"['nise', 'mobile', 'bankig']",4,2024-10-05,Bank of Abyssinia (BOA),0.0,neutral,negative,0.9858755469322205,-1,Other
ac7391a6-712b-424c-970d-6dba1a0dd845,Overall good app but performance needs some improvement also sometimes when using instant other bank transfers it refuses causing to be repeated several times to transfer,overall good performance need improvement also sometimes using instant transfer refuse causing repeated several time transfer,"['overall', 'good', 'performance', 'need', 'improvement', 'also', 'sometimes', 'using', 'instant', 'transfer', 'refuse', 'causing', 'repeated', 'several', 'time', 'transfer']",4,2024-10-04,Bank of Abyssinia (BOA),0.714,positive,negative,0.9532791972160339,-1,Transaction Performance
3cbcde95-2c0c-41d1-be22-203369552ed1,Ok,ok,['ok'],5,2024-10-04,Bank of Abyssinia (BOA),0.296,positive,positive,0.9997851252555847,1,Other
ab760759-00d0-43fd-9267-f1d3f34a74e6,Just make it work please🤣 this is embarrassing for a bank of your size,make work embarrassing size,"['make', 'work', 'embarrassing', 'size']",1,2024-10-04,Bank of Abyssinia (BOA),-0.3818,negative,negative,0.9992843270301819,-1,Other
3a05c496-6385-4903-b2f5-54f69bdd8ee7,Update to the simplest way it requires the developer option on and off why this is,update simplest way requires developer option,"['update', 'simplest', 'way', 'requires', 'developer', 'option']",5,2024-10-04,Bank of Abyssinia (BOA),0.0,neutral,negative,0.998016357421875,-1,"Feature Requests, UI / UX"
94ba00d0-c2e8-4e21-9e71-af2395f2d0ca,"Stop telling me what to do with my phone, BOA. Why does your newly updated app keep asking me to disable the developer options? I’m not slowing down my phone just to use your God damn app. 🤮🤮🤮🤮",stop telling phone newly updated keep asking disable developer option slowing phone use god damn,"['stop', 'telling', 'phone', 'newly', 'updated', 'keep', 'asking', 'disable', 'developer', 'option', 'slowing', 'phone', 'use', 'god', 'damn']",1,2024-10-04,Bank of Abyssinia (BOA),-0.4215,negative,negative,0.9964292645454407,-1,"Feature Requests, Transaction Performance"
b4f29388-db8b-4ce7-9539-82a8c57b071a,I'm living out of country how may I download and use mobile banking? It asks me the Ethiopia phone number and I can't receive text to confirm because I'm out side the country. So please lete know if I can use while I'm outside the country. Thanks,im living country may download use mobile banking asks ethiopia phone number cant receive text confirm im side country please lete know use im outside country thanks,"['im', 'living', 'country', 'may', 'download', 'use', 'mobile', 'banking', 'asks', 'ethiopia', 'phone', 'number', 'cant', 'receive', 'text', 'confirm', 'im', 'side', 'country', 'please', 'lete', 'know', 'use', 'im', 'outside', 'country', 'thanks']",1,2024-10-04,Bank of Abyssinia (BOA),0.6997,positive,negative,0.6597370505332947,-1,Other
cd089947-bc9a-41cf-a17d-9bf390c91485,Worest app,worest,['worest'],1,2024-10-03,Bank of Abyssinia (BOA),0.0,neutral,negative,0.7789776921272278,-1,Other
510eb8c1-9b58-4989-bdd1-674fa63c3d08,The worest app ever,worest ever,"['worest', 'ever']",1,2024-10-03,Bank of Abyssinia (BOA),0.0,neutral,positive,0.9535899758338928,1,Other
2755e189-b073-4641-897e-3cfa2aa25a25,Wwwerrr,,[],5,2024-10-02,Bank of Abyssinia (BOA),0.0,neutral,negative,0.8502517342567444,-1,Other
4cbbb09a-77c0-45b2-89e6-784c7186918b,Great For Financial company,great financial company,"['great', 'financial', 'company']",5,2024-09-30,Bank of Abyssinia (BOA),0.6249,positive,positive,0.9998703002929688,1,Other
c69f051a-00f8-4144-8423-b7ebcd328d2d,The app makes our life easier. Thank you CBE!,make life easier thank,"['make', 'life', 'easier', 'thank']",5,2025-11-27,Commercial Bank of Ethiopia,0.68,positive,positive,0.9996963739395142,1,Other
d2995fb9-63c6-4bfc-8d3c-93a0ee9dba8f,this app very bad 👎,bad,['bad'],1,2025-11-27,Commercial Bank of Ethiopia,-0.5849,negative,negative,0.9997968077659607,-1,Other
f8002d06-b5c5-4ed1-9d51-a9a379304cf8,the most advanced app. but how to stay safe?,advanced stay safe,"['advanced', 'stay', 'safe']",5,2025-11-27,Commercial Bank of Ethiopia,0.6701,positive,negative,0.9565095901489258,-1,Other
81000db5-aa51-467e-826c-fc96160e96a8,Good application,good application,"['good', 'application']",4,2025-11-27,Commercial Bank of Ethiopia,0.4404,positive,positive,0.999854564666748,1,Other
3d88a334-958c-4717-9f97-c5d46359e054,It is nice app,nice,['nice'],5,2025-11-26,Commercial Bank of Ethiopia,0.4215,positive,positive,0.9998478889465332,1,Other
99d376ea-4824-4af9-a093-27360acc3a5c,best,best,['best'],5,2025-11-25,Commercial Bank of Ethiopia,0.6369,positive,positive,0.9997941851615906,1,Other
f1861daf-a1ed-407a-9e7c-295edbb3877d,good app,good,['good'],5,2025-11-25,Commercial Bank of Ethiopia,0.4404,positive,positive,0.9998493194580078,1,Other
fd178fb7-7026-4d02-98a0-5c86c3bd56f5,"it suddenly asked me to enter the verification key I received. and it (*get your verification key from the nearest CBE Branch*) Now I'm in Australia, what do you expect me to do???! There is no nearest or furthermost cbe Branch!! SO FRUSTRATING! How can I manage my bank account now????",suddenly asked enter verification key received get verification key nearest branch im australia expect nearest furthermost branch frustrating manage account,"['suddenly', 'asked', 'enter', 'verification', 'key', 'received', 'get', 'verification', 'key', 'nearest', 'branch', 'im', 'australia', 'expect', 'nearest', 'furthermost', 'branch', 'frustrating', 'manage', 'account']",1,2025-11-25,Commercial Bank of Ethiopia,-0.8746,negative,negative,0.9993435740470886,-1,Other
571c66c6-fd18-437b-b8e5-8c443e9db2df,nice app...,nice,['nice'],5,2025-11-25,Commercial Bank of Ethiopia,0.4215,positive,positive,0.9997116923332214,1,Other
7b5b3f8c-a0f4-4a15-973a-ff5971ad15fb,very good banking service and fast service,good banking service fast service,"['good', 'banking', 'service', 'fast', 'service']",5,2025-11-24,Commercial Bank of Ethiopia,0.4927,positive,positive,0.9998499155044556,1,Customer Support
3a75b79a-002f-4fc2-b6f0-dd8d187e8663,thanks blc this app help me to use all time,thanks blc help use time,"['thanks', 'blc', 'help', 'use', 'time']",5,2025-11-24,Commercial Bank of Ethiopia,0.6808,positive,positive,0.9971639513969421,1,Customer Support
6518498e-441c-407d-b546-35a12a98645a,good,good,['good'],5,2025-11-24,Commercial Bank of Ethiopia,0.4404,positive,positive,0.9998161196708679,1,Other
f2f0cff2-6181-4a3a-926f-5b3491ca4cf8,why we can't send money to other people telebirr wallets??,cant send money people telebirr wallet,"['cant', 'send', 'money', 'people', 'telebirr', 'wallet']",1,2025-11-24,Commercial Bank of Ethiopia,0.0,neutral,negative,0.9984826445579529,-1,Other
ad9f4094-ff79-4353-a8b0-d00cfba75ed5,wow,wow,['wow'],5,2025-11-23,Commercial Bank of Ethiopia,0.5859,positive,positive,0.999592125415802,1,Other
cd144ce6-efeb-41c2-8247-e57a64bb0181,nice,nice,['nice'],5,2025-11-22,Commercial Bank of Ethiopia,0.4215,positive,positive,0.9998552799224854,1,Other
8d4577a0-0e73-4113-9479-5764db25dcb7,you are the reason why i got ye chogara himem,reason got ye chogara himem,"['reason', 'got', 'ye', 'chogara', 'himem']",1,2025-11-22,Commercial Bank of Ethiopia,0.0,neutral,negative,0.9818921685218811,-1,Other
f077c10c-a958-4812-a779-1077c52fbf45,it is so smart app i recommend it for everyone,smart recommend everyone,"['smart', 'recommend', 'everyone']",5,2025-11-22,Commercial Bank of Ethiopia,0.7395,positive,positive,0.9998483657836914,1,Other
efddfaa5-0542-45ef-80ae-8183cf70bdb0,excellent,excellent,['excellent'],5,2025-11-22,Commercial Bank of Ethiopia,0.5719,positive,positive,0.9998434782028198,1,Other
83111490-271d-4491-9b82-8d8ddf3afb26,absolutely right,absolutely right,"['absolutely', 'right']",5,2025-11-21,Commercial Bank of Ethiopia,0.0,neutral,positive,0.9998525381088257,1,Other
6e1b6127-57b8-44a9-ab08-cdf7e0782c7d,mid application it's so annoying,mid application annoying,"['mid', 'application', 'annoying']",3,2025-11-20,Commercial Bank of Ethiopia,-0.541,negative,negative,0.9997883439064026,-1,Other
d4184dff-ee60-4895-846f-13872d75735a,I used morethan one year,used morethan one year,"['used', 'morethan', 'one', 'year']",4,2025-11-20,Commercial Bank of Ethiopia,0.0,neutral,negative,0.9802079796791077,-1,Other
807ff291-9236-45ca-8c37-3028ef08f388,no word can explane about this app it is nice 👍👍👍👍👍,word explane nice,"['word', 'explane', 'nice']",5,2025-11-20,Commercial Bank of Ethiopia,0.1531,positive,negative,0.9920698404312134,-1,Other
afc51143-03ed-4129-b47b-fd1eaad21b07,"It's great app,I love this app",great appi love,"['great', 'appi', 'love']",5,2025-11-20,Commercial Bank of Ethiopia,0.8519,positive,positive,0.9998750686645508,1,Other
ad11fbc9-52cc-48f3-adc4-d348a5194089,Nice,nice,['nice'],5,2025-11-19,Commercial Bank of Ethiopia,0.4215,positive,positive,0.9998552799224854,1,Other
942e6ee2-44c6-45f8-b978-01e9b62d001f,suckkkks,suckkkks,['suckkkks'],1,2025-11-19,Commercial Bank of Ethiopia,0.0,neutral,negative,0.9737535119056702,-1,Other
9b9850c0-7914-49c8-a51c-7265775accfe,not allowing to transfer and showing current statement updates.,allowing transfer showing current statement update,"['allowing', 'transfer', 'showing', 'current', 'statement', 'update']",1,2025-11-19,Commercial Bank of Ethiopia,0.0,neutral,negative,0.9991471767425537,-1,"Feature Requests, Transaction Performance"
9094dfc5-ed8d-4ab9-8605-0f5681a5ee8e,I love you this app,love,['love'],5,2025-11-19,Commercial Bank of Ethiopia,0.6369,positive,positive,0.9998642206192017,1,Other
3c30aa12-7f92-49c8-8986-69ed8b81f79f,"fast and convenient app, thanks for your dedication as a bank to provide good options to your cuatomers.",fast convenient thanks dedication provide good option cuatomers,"['fast', 'convenient', 'thanks', 'dedication', 'provide', 'good', 'option', 'cuatomers']",1,2025-11-19,Commercial Bank of Ethiopia,0.7003,positive,positive,0.9993645548820496,1,Other
48d2b2a8-40ea-47bc-b524-322d0d7bf7e4,make life easy,make life easy,"['make', 'life', 'easy']",5,2025-11-19,Commercial Bank of Ethiopia,0.4404,positive,positive,0.999527096748352,1,Other
b9b4ccbb-9d0b-4d61-b7b5-90f5d83b3838,securr,securr,['securr'],5,2025-11-19,Commercial Bank of Ethiopia,0.0,neutral,negative,0.989194393157959,-1,Other
b81fb6db-71c3-4009-9324-fe187120823c,My most optional bank,optional,['optional'],5,2025-11-17,Commercial Bank of Ethiopia,0.0,neutral,positive,0.7555274367332458,1,Other
370d336c-0c66-4ea8-a043-d044d4560101,5 star,star,['star'],5,2025-11-17,Commercial Bank of Ethiopia,0.0,neutral,positive,0.9964116215705872,1,Other
9b4043ef-a80d-4e57-bbad-1b2784dc4c45,it is fantastic app.,fantastic,['fantastic'],5,2025-11-16,Commercial Bank of Ethiopia,0.5574,positive,positive,0.9998733997344971,1,Other
3f06e0e7-cb06-42f1-b61c-2bd59d7713af,sifen,sifen,['sifen'],5,2025-11-16,Commercial Bank of Ethiopia,0.0,neutral,negative,0.8473547101020813,-1,Other
4f5a3389-5bda-4229-a5d3-4b749fc05764,i like this√,like,['like'],4,2025-11-16,Commercial Bank of Ethiopia,0.3612,positive,positive,0.9998555183410645,1,Other
58bd2807-7583-4142-bd14-75e98e1dcda3,Ok,ok,['ok'],3,2025-11-16,Commercial Bank of Ethiopia,0.296,positive,positive,0.9997851252555847,1,Other
a9d5aab4-636f-4392-8bc6-ccad890de66e,"Seriously, what’s going on with this app? The ""Pay to Beneficiary"" option is completely disabled for Android users, yet iOS users get full access without restrictions. Why are Android users being treated like second class customers? It’s the same app, the same service, but clearly not the same experience. This kind of platform bias is unacceptable, either give everyone the same features or be transparent about why you’re limiting functionality. Right now, it just feels unfair and frustrating.",seriously going pay beneficiary option completely disabled android user yet io user get full access without restriction android user treated like second class customer service clearly experience kind platform bias unacceptable either give everyone feature transparent limiting functionality right feel unfair frustrating,"['seriously', 'going', 'pay', 'beneficiary', 'option', 'completely', 'disabled', 'android', 'user', 'yet', 'io', 'user', 'get', 'full', 'access', 'without', 'restriction', 'android', 'user', 'treated', 'like', 'second', 'class', 'customer', 'service', 'clearly', 'experience', 'kind', 'platform', 'bias', 'unacceptable', 'either', 'give', 'everyone', 'feature', 'transparent', 'limiting', 'functionality', 'right', 'feel', 'unfair', 'frustrating']",1,2025-11-15,Commercial Bank of Ethiopia,-0.8466,negative,negative,0.9996232986450195,-1,"Customer Support, Feature Requests"
a18b512c-7431-4903-9cc3-1002cf449cff,Like,like,['like'],5,2025-11-13,Commercial Bank of Ethiopia,0.3612,positive,positive,0.9910564422607422,1,Other
7bdc58ea-d854-4b9c-9748-642bada48ecd,Nice and very useful app i like it!,nice useful like,"['nice', 'useful', 'like']",5,2025-11-13,Commercial Bank of Ethiopia,0.8422,positive,positive,0.9998588562011719,1,Other
96f98a42-ec49-4dbf-b37d-216f6770a700,Good,good,['good'],5,2025-11-13,Commercial Bank of Ethiopia,0.4404,positive,positive,0.9998161196708679,1,Other
1315ef77-540f-4b87-9b6a-7868f1a343e0,smart app,smart,['smart'],4,2025-11-12,Commercial Bank of Ethiopia,0.4019,positive,positive,0.999789297580719,1,Other
82c43412-9579-4b3c-b17e-702aef388e16,good App,good,['good'],5,2025-11-12,Commercial Bank of Ethiopia,0.4404,positive,positive,0.9998493194580078,1,Other
34d6492b-f6e7-42ed-851a-348ab215c36a,sync problem may 22 2025 but the date stack on may 8 2025 help pls,sync problem may date stack may help pls,"['sync', 'problem', 'may', 'date', 'stack', 'may', 'help', 'pls']",5,2025-11-12,Commercial Bank of Ethiopia,0.4854,positive,negative,0.992516815662384,-1,Customer Support
cd12a5ee-2573-44e9-81ea-de8118bb8fa2,ok,ok,['ok'],5,2025-11-11,Commercial Bank of Ethiopia,0.296,positive,positive,0.9997851252555847,1,Other
b4a45bdc-60cc-4355-92f7-9291f8c59ee5,cbe is my choice,choice,['choice'],4,2025-11-11,Commercial Bank of Ethiopia,0.0,neutral,positive,0.9987378716468811,1,Other
f7a289b4-7031-4d28-abb6-8b292f52241e,Awesome,awesome,['awesome'],5,2025-11-11,Commercial Bank of Ethiopia,0.6249,positive,positive,0.9998682737350464,1,Other
60963970-3671-488b-8810-3b3edaddf571,I am not able to transfer. The app is not responding,able transfer responding,"['able', 'transfer', 'responding']",1,2025-11-11,Commercial Bank of Ethiopia,0.0,neutral,negative,0.999775230884552,-1,Transaction Performance
e9c4773a-03ec-4623-9c97-32370e43cc66,Very convenient App,convenient,['convenient'],5,2025-11-11,Commercial Bank of Ethiopia,0.0,neutral,positive,0.9945734143257141,1,Other
8b783bea-df08-43e8-915f-c459fb841a11,excellent but sometimes can not connect,excellent sometimes connect,"['excellent', 'sometimes', 'connect']",5,2025-11-10,Commercial Bank of Ethiopia,0.3291,positive,negative,0.9832204580307007,-1,Other
8c0c3699-3b4d-4b4c-bf9b-cf6f34d7e617,wow apk,wow apk,"['wow', 'apk']",5,2025-11-10,Commercial Bank of Ethiopia,0.5859,positive,positive,0.9992477893829346,1,Other
95c51b5c-93b3-40dc-b10d-7ea07b503570,best 100 %,best,['best'],5,2025-11-10,Commercial Bank of Ethiopia,0.6369,positive,positive,0.9998010993003845,1,Other
57e7e490-7e00-49b4-85ce-02df5c180255,bad app,bad,['bad'],1,2025-11-10,Commercial Bank of Ethiopia,-0.5423,negative,negative,0.9997212290763855,-1,Other
511966b6-2575-4189-b96d-62b0af2bb5ba,best app,best,['best'],5,2025-11-10,Commercial Bank of Ethiopia,0.6369,positive,positive,0.999686598777771,1,Other
6cc81f72-bf2d-4406-bd58-d2b16058b713,nice app,nice,['nice'],5,2025-11-10,Commercial Bank of Ethiopia,0.4215,positive,positive,0.9998061060905457,1,Other
6e59b9f4-f3f4-4481-8cea-cf0e7d58e220,the app constantly glitches and won't stop loading despite having a decent connection and a cleared cache. telebirr is way better,constantly glitch wont stop loading despite decent connection cleared cache telebirr way better,"['constantly', 'glitch', 'wont', 'stop', 'loading', 'despite', 'decent', 'connection', 'cleared', 'cache', 'telebirr', 'way', 'better']",1,2025-11-10,Commercial Bank of Ethiopia,0.6355,positive,positive,0.886974573135376,1,Transaction Performance
ef00529e-94ab-4df9-a7e0-2bee0d213f49,I can't access it properly I think it needs update,cant access properly think need update,"['cant', 'access', 'properly', 'think', 'need', 'update']",1,2025-11-10,Commercial Bank of Ethiopia,0.0,neutral,negative,0.9996213912963867,-1,Feature Requests
e9425647-f1d3-4f35-87e5-e8984ba5cce4,best 👌,best,['best'],5,2025-11-10,Commercial Bank of Ethiopia,0.6369,positive,positive,0.9997019171714783,1,Other
f23eb6ac-a9fb-4df1-95c3-9441fb34d0dd,not Refresh,refresh,['refresh'],2,2025-11-10,Commercial Bank of Ethiopia,0.0,neutral,negative,0.9990518689155579,-1,Other
22a15e60-01d4-4c7d-8405-fc4daf00de55,your statement is not used as wanted,statement used wanted,"['statement', 'used', 'wanted']",1,2025-11-10,Commercial Bank of Ethiopia,0.0,neutral,negative,0.99908447265625,-1,Other
3f27b2bb-4631-41e2-acb5-beaab2285532,good very good,good good,"['good', 'good']",5,2025-11-09,Commercial Bank of Ethiopia,0.7003,positive,positive,0.9998477697372437,1,Other
e83b2d32-a305-4408-9c87-40f05b650185,this is absolute trash why because it's not Woking most time the servers are down even though I'm using 4g data Internet they steal not working they use to work with out even data package now it's trash can't even send money,absolute trash woking time server even though im using g data internet steal working use work even data package trash cant even send money,"['absolute', 'trash', 'woking', 'time', 'server', 'even', 'though', 'im', 'using', 'g', 'data', 'internet', 'steal', 'working', 'use', 'work', 'even', 'data', 'package', 'trash', 'cant', 'even', 'send', 'money']",1,2025-11-09,Commercial Bank of Ethiopia,-0.4939,negative,negative,0.9997031092643738,-1,Other
fb2f9d25-5520-48c5-9c21-88e7523bfb61,Bayeee galatooma kana caalati nu gammachisa 🌏🤌🏻💴💸🥰👌🏻🙏🏻,bayeee galatooma kana caalati nu gammachisa,"['bayeee', 'galatooma', 'kana', 'caalati', 'nu', 'gammachisa']",5,2025-11-08,Commercial Bank of Ethiopia,0.0,neutral,negative,0.9800481200218201,-1,Other
be813f1d-5060-452f-be52-f2b39fceff63,Good !,good,['good'],5,2025-11-08,Commercial Bank of Ethiopia,0.4926,positive,positive,0.9998268485069275,1,Other
65e917f9-f327-427f-bc75-a7ec2ec45687,i like it,like,['like'],5,2025-11-08,Commercial Bank of Ethiopia,0.3612,positive,positive,0.9998593330383301,1,Other
3f4797ed-7cfa-494f-b83d-3ac99d0d8416,Very nice app,nice,['nice'],5,2025-11-08,Commercial Bank of Ethiopia,0.4754,positive,positive,0.9998562335968018,1,Other
e12a96bf-137e-4fcb-9b10-5933a6b8dedd,the app is not functional this week.,functional week,"['functional', 'week']",4,2025-11-08,Commercial Bank of Ethiopia,0.0,neutral,negative,0.9996664524078369,-1,Other
631f58bb-d098-4fe1-8fe5-a3abc2dd6407,very updated bank,updated,['updated'],5,2025-11-06,Commercial Bank of Ethiopia,0.0,neutral,positive,0.999656081199646,1,Feature Requests
d1284a04-7811-4902-a678-d9d14aece75f,tankyu,tankyu,['tankyu'],5,2025-11-05,Commercial Bank of Ethiopia,0.0,neutral,positive,0.8404368162155151,1,Other
1851fb0d-c940-4c97-a338-7b1a9a8ef553,Numbers 2 and 3 don't write during pin verification.,number dont write pin verification,"['number', 'dont', 'write', 'pin', 'verification']",5,2025-11-05,Commercial Bank of Ethiopia,0.0,neutral,negative,0.9866906404495239,-1,Account Access
b6fa2156-34bf-44c3-a426-99521f790a04,"once it is uninstalled, you need to visit a nearby bank. you go there and they ask you to have a new sim card which hasn't been used before. so you should buy a new sim card and you go back to them with a new sim card, when you reach there service provider says authentication pin is not arrive, the system is not working come back tomorrow.",uninstalled need visit nearby go ask new sim card hasnt used buy new sim card go back new sim card reach service provider say authentication pin arrive system working come back tomorrow,"['uninstalled', 'need', 'visit', 'nearby', 'go', 'ask', 'new', 'sim', 'card', 'hasnt', 'used', 'buy', 'new', 'sim', 'card', 'go', 'back', 'new', 'sim', 'card', 'reach', 'service', 'provider', 'say', 'authentication', 'pin', 'arrive', 'system', 'working', 'come', 'back', 'tomorrow']",1,2025-11-05,Commercial Bank of Ethiopia,0.0258,neutral,negative,0.9989122152328491,-1,"Account Access, Customer Support, Payments & Cards"
b5a68eed-026c-4f6f-aba9-9a7490d9466f,loved it,loved,['loved'],5,2025-11-05,Commercial Bank of Ethiopia,0.5994,positive,positive,0.9998797178268433,1,Other
2446e1d4-37e7-4e7f-b182-bb862c9ac26c,this app is not working on my phone,working phone,"['working', 'phone']",5,2025-11-03,Commercial Bank of Ethiopia,0.0,neutral,negative,0.9996734857559204,-1,Other
398ac276-dd9c-4eb7-8edb-0ce30a96ab22,CBE needs to show transaction fees before the transaction is confirmed and not after. This is a big issue as fees are no longer insignificant.,need show transaction fee transaction confirmed big issue fee longer insignificant,"['need', 'show', 'transaction', 'fee', 'transaction', 'confirmed', 'big', 'issue', 'fee', 'longer', 'insignificant']",3,2025-11-03,Commercial Bank of Ethiopia,-0.5574,negative,negative,0.964024543762207,-1,Other
ee4d489f-04f2-428c-80bf-e795c79582fe,"After the recent updates, I am unable to download a receipt. I can't see the names of account holders I've previously transacted with. Very important. Please fix it asap.",recent update unable download receipt cant see name account holder ive previously transacted important please fix asap,"['recent', 'update', 'unable', 'download', 'receipt', 'cant', 'see', 'name', 'account', 'holder', 'ive', 'previously', 'transacted', 'important', 'please', 'fix', 'asap']",1,2025-11-03,Commercial Bank of Ethiopia,0.5678,positive,negative,0.9985938668251038,-1,Feature Requests
b2ebcf25-b1be-471a-8160-4d07c97a9d87,wow 😘😘😘,wow,['wow'],4,2025-11-02,Commercial Bank of Ethiopia,0.5859,positive,positive,0.9992976188659668,1,Other
dabc6ff9-8f83-422b-add0-463dcdfa4dba,mobile banking broblem,mobile banking broblem,"['mobile', 'banking', 'broblem']",5,2025-11-01,Commercial Bank of Ethiopia,0.0,neutral,negative,0.9918060302734375,-1,Other
182fcbaf-4ada-4f02-9f46-5c9b795e9c92,good job,good job,"['good', 'job']",5,2025-11-01,Commercial Bank of Ethiopia,0.4404,positive,positive,0.999835729598999,1,Other
f4d2d316-2fb6-4e53-b3e0-90ccc05938f5,it is a good and clear apps to use,good clear apps use,"['good', 'clear', 'apps', 'use']",4,2025-10-31,Commercial Bank of Ethiopia,0.6705,positive,positive,0.9998574256896973,1,Other
a6910eb7-f2dc-4cdb-badc-65becc5513f1,I love this app b/c every option in the app very clear and supportive.,love bc every option clear supportive,"['love', 'bc', 'every', 'option', 'clear', 'supportive']",5,2025-10-30,Commercial Bank of Ethiopia,0.861,positive,positive,0.9998561143875122,1,Customer Support
0ed12f63-db54-423b-b9f8-093754cf0d05,niiceh,niiceh,['niiceh'],5,2025-10-29,Commercial Bank of Ethiopia,0.0,neutral,positive,0.8779534101486206,1,Other
1702ee84-35c4-40fe-9971-9870d47d21f8,the app is good but their is no dark mode you have to add it,good dark mode add,"['good', 'dark', 'mode', 'add']",3,2025-10-29,Commercial Bank of Ethiopia,-0.2144,negative,positive,0.9965399503707886,1,Feature Requests
e90e8464-1394-4ff6-a978-4868c10d4d2a,abdulakim abrahim elemoo,abdulakim abrahim elemoo,"['abdulakim', 'abrahim', 'elemoo']",5,2025-10-29,Commercial Bank of Ethiopia,0.0,neutral,positive,0.9634568691253662,1,Other
e7f8cad9-e352-4406-8ff1-799a8cdee3ef,strong,strong,['strong'],5,2025-10-28,Commercial Bank of Ethiopia,0.5106,positive,positive,0.999862551689148,1,Other
c3145a5d-590e-4a19-912a-5dd5a269933b,Abebaw Zenebe,abebaw zenebe,"['abebaw', 'zenebe']",5,2025-10-28,Commercial Bank of Ethiopia,0.0,neutral,neutral,0.5422855615615845,0,Other
8733a99d-1c50-4428-a170-6d4c3b2e18d3,good I love it keep it up but if we had a new update that will be fire Soo good,good love keep new update fire soo good,"['good', 'love', 'keep', 'new', 'update', 'fire', 'soo', 'good']",5,2025-10-27,Commercial Bank of Ethiopia,0.6486,positive,positive,0.9990962743759155,1,Feature Requests
b228fe65-8247-46e0-9f6f-dfc4d8ca189b,Cbe,,[],5,2025-10-27,Commercial Bank of Ethiopia,0.0,neutral,positive,0.9966009855270386,1,Other
ef880514-7bf7-4b43-8dd1-0ca8f32d2012,Active and granted system,active granted system,"['active', 'granted', 'system']",5,2025-10-27,Commercial Bank of Ethiopia,0.5719,positive,positive,0.998322069644928,1,Other
575075bc-9c06-41d4-901f-cda4028e0dc7,fast app,fast,['fast'],4,2025-10-27,Commercial Bank of Ethiopia,0.0,neutral,positive,0.9983617663383484,1,Other
3a4607e5-2215-468f-afd4-75723ef0e40a,cool 😎,cool,['cool'],5,2025-10-27,Commercial Bank of Ethiopia,0.3182,positive,positive,0.9997991919517517,1,Other
49288360-34e9-43f0-be9c-c2480f4dc9ac,Galaxy A10s,galaxy,['galaxy'],3,2025-10-26,Commercial Bank of Ethiopia,0.0,neutral,positive,0.8983981609344482,1,Other
4553e023-8faa-4e78-a30f-8dcdca419ec5,the best apps,best apps,"['best', 'apps']",5,2025-10-26,Commercial Bank of Ethiopia,0.6369,positive,positive,0.9998617172241211,1,Other
4422aa17-0e87-4a90-8388-5065e2b37503,arif app new,arif new,"['arif', 'new']",5,2025-10-26,Commercial Bank of Ethiopia,0.0,neutral,neutral,0.5203992128372192,0,Other
a0070771-ae98-4f0c-8846-090f2357281f,laga Bari biranch,laga bari biranch,"['laga', 'bari', 'biranch']",5,2025-10-26,Commercial Bank of Ethiopia,0.0,neutral,negative,0.9922856092453003,-1,Transaction Performance
5c031dab-9c2f-4e80-ba06-5e49ae4a9821,I would like to suggest you improve the time out as it takes the money and doesn't return it back until the next day.,would like suggest improve time take money doesnt return back next day,"['would', 'like', 'suggest', 'improve', 'time', 'take', 'money', 'doesnt', 'return', 'back', 'next', 'day']",3,2025-10-25,Commercial Bank of Ethiopia,0.6597,positive,negative,0.9949775338172913,-1,Other
01989925-f978-4d2c-91c6-ebd374cd2a1a,Attractive,attractive,['attractive'],5,2025-10-25,Commercial Bank of Ethiopia,0.4404,positive,positive,0.9998689889907837,1,Other
ef786a30-7bc0-4a73-a7df-a3a545c7f665,mite,mite,['mite'],5,2025-10-24,Commercial Bank of Ethiopia,0.0,neutral,negative,0.9965571165084839,-1,Other
b3efa927-2c89-48de-8292-19e0e6a68ec3,useful,useful,['useful'],5,2025-10-24,Commercial Bank of Ethiopia,0.4404,positive,positive,0.9997634291648865,1,Other
8de78143-c7c6-4f2a-95dc-a7cfde43d506,"not good, not bad!",good bad,"['good', 'bad']",3,2025-10-23,Commercial Bank of Ethiopia,-0.6208,negative,negative,0.9981550574302673,-1,Other
5f41b0ec-1dd2-4ca7-b339-02827ac8666e,very good,good,['good'],5,2025-10-23,Commercial Bank of Ethiopia,0.4927,positive,positive,0.9998520612716675,1,Other
b72300fc-ef3d-4145-9bb6-47ce6183506c,imp,imp,['imp'],5,2025-10-22,Commercial Bank of Ethiopia,0.0,neutral,negative,0.9978600144386292,-1,Other
3dc9000e-9725-4423-9a14-6cbb88462843,super fast app,super fast,"['super', 'fast']",5,2025-10-21,Commercial Bank of Ethiopia,0.5994,positive,positive,0.9976546168327332,1,Other
67398692-d12e-4229-9f88-67f25f1a7336,"The app has a nice design and useful features like balance check and transfers, but it’s unstable and often fails to connect. It also forces users to turn off Developer Options, which is unnecessary — other banking apps work fine without that. Many people use Developer Mode for normal reasons. Please fix performance issues, remove this restriction, and add biometric login for better security and convenience",nice design useful feature like balance check transfer unstable often fails connect also force user turn developer option unnecessary banking apps work fine without many people use developer mode normal reason please fix performance issue remove restriction add biometric login better security convenience,"['nice', 'design', 'useful', 'feature', 'like', 'balance', 'check', 'transfer', 'unstable', 'often', 'fails', 'connect', 'also', 'force', 'user', 'turn', 'developer', 'option', 'unnecessary', 'banking', 'apps', 'work', 'fine', 'without', 'many', 'people', 'use', 'developer', 'mode', 'normal', 'reason', 'please', 'fix', 'performance', 'issue', 'remove', 'restriction', 'add', 'biometric', 'login', 'better', 'security', 'convenience']",2,2025-10-19,Commercial Bank of Ethiopia,0.6896,positive,negative,0.9983618855476379,-1,"Account Access, Crashes & Bugs, Feature Requests, Security & Fraud, Transaction Performance, UI / UX"
3ec71abd-b47c-4863-8964-50e6b4906b18,cbe,,[],4,2025-10-18,Commercial Bank of Ethiopia,0.0,neutral,positive,0.9966009855270386,1,Other
2cc116ae-e341-4066-bfb9-f430f1535601,"it says ""ti is work any more in your device"" what can i do??",say ti work device,"['say', 'ti', 'work', 'device']",1,2025-10-18,Commercial Bank of Ethiopia,0.0,neutral,negative,0.9991005659103394,-1,Other
ac209bf8-4257-405d-877e-aa90875c00a7,blah blah blah,blah blah blah,"['blah', 'blah', 'blah']",5,2025-10-18,Commercial Bank of Ethiopia,-0.296,negative,negative,0.9977899789810181,-1,Other
c50f1ce4-5aad-46a1-8e43-eb2ac3ea39fd,CBE no.1,,[],5,2025-10-17,Commercial Bank of Ethiopia,0.0,neutral,positive,0.9968194961547852,1,Other
d38d8b3c-ea51-4a79-8300-450d0270fb3d,"it's not work correctly when it's needed sometimes, but it works sometimes though",work correctly needed sometimes work sometimes though,"['work', 'correctly', 'needed', 'sometimes', 'work', 'sometimes', 'though']",2,2025-10-16,Commercial Bank of Ethiopia,0.0,neutral,positive,0.996988832950592,1,Other
0d6f2b91-6c64-4226-9260-0a13a22ab3bd,its easy to use and more secured than the previous one. i love it and appreciate commercial bank of ethiopia for every time update.,easy use secured previous one love appreciate ethiopia every time update,"['easy', 'use', 'secured', 'previous', 'one', 'love', 'appreciate', 'ethiopia', 'every', 'time', 'update']",5,2025-10-16,Commercial Bank of Ethiopia,0.9152,positive,positive,0.9997401833534241,1,"Feature Requests, Security & Fraud"
a83bb204-ff79-401f-afee-6490508d3d3a,gooof,gooof,['gooof'],5,2025-10-16,Commercial Bank of Ethiopia,0.0,neutral,negative,0.996545135974884,-1,Other
b6b20563-1305-4c44-90f4-a5b726bc9c61,"Suddenly the cbe application I was using stopped working and called callcenter, I was told it's because it expired and I should vist any branch to fix it. So I went to CBE Silassie branch.After filling a form they gave me, I sat down and waited until they finish fixing 2 customer's case who arrived before me. But then when it was my turn ppl who came after me with same mobile banking and even Atm card cases were finishing up and leaving I had to get back to my work so I left.with no service.why?",suddenly application using stopped working called callcenter told expired vist branch fix went silassie branchafter filling form gave sat waited finish fixing customer case arrived turn ppl came mobile banking even atm card case finishing leaving get back work leftwith servicewhy,"['suddenly', 'application', 'using', 'stopped', 'working', 'called', 'callcenter', 'told', 'expired', 'vist', 'branch', 'fix', 'went', 'silassie', 'branchafter', 'filling', 'form', 'gave', 'sat', 'waited', 'finish', 'fixing', 'customer', 'case', 'arrived', 'turn', 'ppl', 'came', 'mobile', 'banking', 'even', 'atm', 'card', 'case', 'finishing', 'leaving', 'get', 'back', 'work', 'leftwith', 'servicewhy']",1,2025-10-16,Commercial Bank of Ethiopia,-0.5672,negative,negative,0.9996702671051025,-1,"Customer Support, Payments & Cards"
a25928af-597f-4962-98d3-a9bbff522dcb,Best app,best,['best'],5,2025-10-16,Commercial Bank of Ethiopia,0.6369,positive,positive,0.999686598777771,1,Other
a9c3fc33-c501-4013-8572-33b72111f679,still not perfect like before,still perfect like,"['still', 'perfect', 'like']",1,2025-10-15,Commercial Bank of Ethiopia,-0.6259,negative,negative,0.9995744824409485,-1,Other
93fb8392-2f3c-437e-aa58-3b0b34a99b01,This app dash board is disturbing me. it is not showing me traxation and my balance while displaying others option on dashboard. I think it is a risk full app😭😭😭🤤🤤,dash board disturbing showing traxation balance displaying others option dashboard think risk full,"['dash', 'board', 'disturbing', 'showing', 'traxation', 'balance', 'displaying', 'others', 'option', 'dashboard', 'think', 'risk', 'full']",1,2025-10-15,Commercial Bank of Ethiopia,-0.6597,negative,negative,0.9985210299491882,-1,Other
598f9bab-e0ec-49fe-b694-aeba6a24b04a,APPLIED,applied,['applied'],1,2025-10-14,Commercial Bank of Ethiopia,0.0,neutral,positive,0.9989719390869141,1,Other
349736cb-a766-4978-8add-8c915a05be3a,10 years ago,year ago,"['year', 'ago']",4,2025-10-14,Commercial Bank of Ethiopia,0.0,neutral,positive,0.9060001969337463,1,Other
426a91e8-fb8b-446e-a47a-32d4c74003fb,Asefa Obsa,asefa obsa,"['asefa', 'obsa']",5,2025-10-14,Commercial Bank of Ethiopia,0.0,neutral,negative,0.9988316893577576,-1,Other
21d5cd5a-a147-4925-905d-5e90558b103e,it's good app,good,['good'],5,2025-10-14,Commercial Bank of Ethiopia,0.4404,positive,positive,0.9998689889907837,1,Other
2915c398-4205-4f4e-ae06-3e25d24b089b,very slow,slow,['slow'],1,2025-10-14,Commercial Bank of Ethiopia,0.0,neutral,negative,0.9997065663337708,-1,Transaction Performance
cecede31-b593-4107-a76b-54a40476f863,berhan deriba wami,berhan deriba wami,"['berhan', 'deriba', 'wami']",4,2025-10-14,Commercial Bank of Ethiopia,0.0,neutral,positive,0.7555698752403259,1,Other
95c8c18c-f4aa-456a-87d7-4a71e40ebf3c,mahamad Usman,mahamad usman,"['mahamad', 'usman']",5,2025-10-13,Commercial Bank of Ethiopia,0.0,neutral,positive,0.9890894293785095,1,Other
1b751e18-ceb3-44fd-8659-acb07aab10b9,Erako,erako,['erako'],5,2025-10-13,Commercial Bank of Ethiopia,0.0,neutral,positive,0.9978224039077759,1,Other
f4dcd64a-ea98-4983-94de-cca8b9edc4d1,opne,opne,['opne'],5,2025-10-13,Commercial Bank of Ethiopia,0.0,neutral,negative,0.7972500920295715,-1,Other
19d9e046-0f7a-457c-9cff-1ef73b1f7d13,mehommd nuri,mehommd nuri,"['mehommd', 'nuri']",5,2025-10-13,Commercial Bank of Ethiopia,0.0,neutral,positive,0.9508017301559448,1,Other
4bd8a096-f82b-40f3-a828-b096eb830a97,Best,best,['best'],5,2025-10-12,Commercial Bank of Ethiopia,0.6369,positive,positive,0.9997941851615906,1,Other
9a3f4238-e04d-480b-861b-6fe0135ac487,providing very secure service.,providing secure service,"['providing', 'secure', 'service']",5,2025-10-12,Commercial Bank of Ethiopia,0.4005,positive,positive,0.9993906021118164,1,"Customer Support, Security & Fraud"
23c7bd6b-c237-4581-92c8-15fcf14cbf16,RIYAD Mohammed Abaoli 92 527 2567,riyad mohammed abaoli,"['riyad', 'mohammed', 'abaoli']",5,2025-10-12,Commercial Bank of Ethiopia,0.0,neutral,positive,0.9531124830245972,1,Other
cf44dcab-2f7d-45a0-a1d5-9d9dd85121aa,it doesn't show bank statement and no options to see transactions for the past months.,doesnt show statement option see transaction past month,"['doesnt', 'show', 'statement', 'option', 'see', 'transaction', 'past', 'month']",2,2025-10-12,Commercial Bank of Ethiopia,-0.296,negative,negative,0.9994134902954102,-1,Other
9af535dc-d362-49d3-8ece-90d66fd2f879,Mamma Husen,mamma husen,"['mamma', 'husen']",2,2025-10-11,Commercial Bank of Ethiopia,0.0,neutral,positive,0.9694636464118958,1,Other
4eedb003-2dca-4470-a9d0-c2b6c3ec41ea,3 stars because I can't see all my transaction history apart from the recents and a refresh button has been removed from the Recents activity. The app should allow clients to view all of the transactions not just recents.,star cant see transaction history apart recent refresh button removed recent activity allow client view transaction recent,"['star', 'cant', 'see', 'transaction', 'history', 'apart', 'recent', 'refresh', 'button', 'removed', 'recent', 'activity', 'allow', 'client', 'view', 'transaction', 'recent']",3,2025-10-11,Commercial Bank of Ethiopia,0.2263,positive,negative,0.9932369589805603,-1,UI / UX
5a8105d2-37c0-4b90-b775-70929dbcd793,exceptional application from others bank,exceptional application others,"['exceptional', 'application', 'others']",5,2025-10-10,Commercial Bank of Ethiopia,0.0,neutral,positive,0.9996663331985474,1,Crashes & Bugs
9c02c8ba-3634-4363-b888-e60ce895ba7a,"it is very nice. but i have a serious suggestion when you send to other cbe birr customer, it does not show the name of the recipient befor it actually send the money. please improve this",nice serious suggestion send birr customer show name recipient befor actually send money please improve,"['nice', 'serious', 'suggestion', 'send', 'birr', 'customer', 'show', 'name', 'recipient', 'befor', 'actually', 'send', 'money', 'please', 'improve']",4,2025-10-10,Commercial Bank of Ethiopia,0.8124,positive,negative,0.9849931001663208,-1,Customer Support
0e751657-b2ec-43f8-92cb-c39991b58b72,good👍👍👍😊😊😊,good,['good'],5,2025-10-10,Commercial Bank of Ethiopia,0.0,neutral,negative,0.6970562934875488,-1,Other
defda1bc-55e3-47de-9962-0e3ca63aa416,really good app,really good,"['really', 'good']",5,2025-10-10,Commercial Bank of Ethiopia,0.4927,positive,positive,0.9998643398284912,1,Other
8aa39394-5499-421c-b9a8-5f31d2890271,smart bank CBE,smart,['smart'],5,2025-10-10,Commercial Bank of Ethiopia,0.4019,positive,positive,0.9971417784690857,1,Other
5bdca892-8530-4730-aaae-f11feaa20925,Ali urgesa11,ali urgesa,"['ali', 'urgesa']",3,2025-10-09,Commercial Bank of Ethiopia,0.0,neutral,negative,0.9212201833724976,-1,Other
8382e883-613c-4404-85ca-4d5179345d19,it's good,good,['good'],5,2025-10-09,Commercial Bank of Ethiopia,0.4404,positive,positive,0.9998360872268677,1,Other
bffd6050-4f53-4ce4-90d4-614ddb4f2d59,Good apps,good apps,"['good', 'apps']",5,2025-10-09,Commercial Bank of Ethiopia,0.4404,positive,positive,0.9998608827590942,1,Other
b9ce0e59-87ab-48e8-ba48-6774beac5430,best app i ever seen,best ever seen,"['best', 'ever', 'seen']",5,2025-10-09,Commercial Bank of Ethiopia,0.6369,positive,positive,0.999450147151947,1,Other
4048acf3-a39c-4fa6-9adc-dc9d550bac84,it's game changing in financial system,game changing financial system,"['game', 'changing', 'financial', 'system']",4,2025-10-09,Commercial Bank of Ethiopia,0.0,neutral,positive,0.9973504543304443,1,Other
a5ce6f6b-2390-45f6-9551-205818e01125,will good updating,good updating,"['good', 'updating']",5,2025-10-09,Commercial Bank of Ethiopia,0.4404,positive,positive,0.9998600482940674,1,Other
4c079db5-2c17-468e-979c-fc1d9173b7ea,"service charge , vat, fee everything here is not yours they wanna take what you have, everything is not fair",service charge vat fee everything wan na take everything fair,"['service', 'charge', 'vat', 'fee', 'everything', 'wan', 'na', 'take', 'everything', 'fair']",1,2025-10-08,Commercial Bank of Ethiopia,-0.2411,negative,negative,0.9994321465492249,-1,Customer Support
ad5ea4f1-47f8-4ae1-928c-6fece7daaed1,why removing screenshot feature why?,removing screenshot feature,"['removing', 'screenshot', 'feature']",2,2025-10-08,Commercial Bank of Ethiopia,0.0,neutral,negative,0.9981147050857544,-1,"Feature Requests, UI / UX"
e0d24942-f1ad-4b2d-9c1d-a3d0f26e7b1f,very good application! thank you all who participate!,good application thank participate,"['good', 'application', 'thank', 'participate']",5,2025-10-08,Commercial Bank of Ethiopia,0.7608,positive,positive,0.9998753070831299,1,Other
c9e0e2f6-6903-4148-929a-97ae808a475d,application bank commercial Ethiopia I am very happy to be able to appear in a great job on a pleasant job,application ethiopia happy able appear great job pleasant job,"['application', 'ethiopia', 'happy', 'able', 'appear', 'great', 'job', 'pleasant', 'job']",5,2025-10-08,Commercial Bank of Ethiopia,0.908,positive,positive,0.9998462200164795,1,Other
cd04e8f2-6382-4154-9383-a9a68ccec318,user compatible app!,user compatible,"['user', 'compatible']",5,2025-10-08,Commercial Bank of Ethiopia,0.0,neutral,positive,0.9933547973632812,1,Other
8b466649-63ed-4f72-b0c0-132add6b6c95,"I am trying to access this app on my Android phone, but sometimes doesn't work. so kindly try to improve it.",trying access android phone sometimes doesnt work kindly try improve,"['trying', 'access', 'android', 'phone', 'sometimes', 'doesnt', 'work', 'kindly', 'try', 'improve']",3,2025-10-07,Commercial Bank of Ethiopia,0.8891,positive,negative,0.9972966313362122,-1,Other
0dce324c-a868-401d-bf8a-6155518ae7e3,what an amazing app. you know how much it simplify life. Thanks cbe. I proud of you.,amazing know much simplify life thanks proud,"['amazing', 'know', 'much', 'simplify', 'life', 'thanks', 'proud']",5,2025-10-07,Commercial Bank of Ethiopia,0.8689,positive,positive,0.9998732805252075,1,Other
423879fa-3edc-4c9d-970c-8e6a19219b58,Our Commercial Bank of Ethiopia is Good !,ethiopia good,"['ethiopia', 'good']",5,2025-10-06,Commercial Bank of Ethiopia,0.4926,positive,positive,0.9998595714569092,1,Other
58b90262-ad27-4cc2-9946-e40d18df5554,Asledin Ibsa,asledin ibsa,"['asledin', 'ibsa']",5,2025-10-06,Commercial Bank of Ethiopia,0.0,neutral,positive,0.9360378980636597,1,Other
8f877e47-8028-4984-b9d0-494fba9121dc,terrible when showing history of transaction it shows in disorganised way,terrible showing history transaction show disorganised way,"['terrible', 'showing', 'history', 'transaction', 'show', 'disorganised', 'way']",3,2025-10-05,Commercial Bank of Ethiopia,-0.4767,negative,negative,0.9996823072433472,-1,Other
5d1097c8-8574-4891-91b9-4dc246c5d8b8,my bank,,[],5,2025-10-05,Commercial Bank of Ethiopia,0.0,neutral,negative,0.8459093570709229,-1,Other
b39843d1-bef0-409a-81c6-e4635e0dec16,Data,data,['data'],5,2025-10-04,Commercial Bank of Ethiopia,0.0,neutral,positive,0.961766242980957,1,Other
aea499ca-d250-4cec-89d0-2b04c8caf16c,"lately I am facing a problem with the app ,and the problem is when log in and inter my pin it doesn't work at all and says 'can't sync' why does it say that I was working fine a few day ago and also it says when I enter my pin 'change your pin to 6 digit pin and it doesn't allow me to change it please solve what is the problem with the app ?",lately facing problem problem log inter pin doesnt work say cant sync say working fine day ago also say enter pin change pin digit pin doesnt allow change please solve problem,"['lately', 'facing', 'problem', 'problem', 'log', 'inter', 'pin', 'doesnt', 'work', 'say', 'cant', 'sync', 'say', 'working', 'fine', 'day', 'ago', 'also', 'say', 'enter', 'pin', 'change', 'pin', 'digit', 'pin', 'doesnt', 'allow', 'change', 'please', 'solve', 'problem']",2,2025-10-04,Commercial Bank of Ethiopia,-0.5948,negative,negative,0.9996047616004944,-1,Account Access
92f289e4-34e6-432d-af95-5094ca79799a,excellent app with lots of features,excellent lot feature,"['excellent', 'lot', 'feature']",5,2025-10-04,Commercial Bank of Ethiopia,0.5719,positive,positive,0.9998672008514404,1,Feature Requests
d21d1d72-70bd-4f8b-be5d-ed2802815f2a,very good 👍 mobile banking,good mobile banking,"['good', 'mobile', 'banking']",5,2025-10-04,Commercial Bank of Ethiopia,0.4927,positive,positive,0.9998119473457336,1,Other
db3411b1-5150-4609-9b90-d0ebdecc0754,so special,special,['special'],5,2025-10-04,Commercial Bank of Ethiopia,0.4576,positive,positive,0.9998575448989868,1,Other
4acc368f-b10c-454c-973f-dec76d6237d8,wiiy ewdihiliw esimirt niho yitnehew metgeyot ❤💞🤔😴🤩😍,wiiy ewdihiliw esimirt niho yitnehew metgeyot,"['wiiy', 'ewdihiliw', 'esimirt', 'niho', 'yitnehew', 'metgeyot']",1,2025-10-03,Commercial Bank of Ethiopia,0.0,neutral,negative,0.9492278099060059,-1,Other
5c8506d5-0941-4743-b14b-216ab75fadb7,woow cbe,woow,['woow'],5,2025-10-03,Commercial Bank of Ethiopia,0.0,neutral,positive,0.8725989460945129,1,Other
58cb1472-7503-4b54-8a9a-bb272a6d9998,cbe the best bank app,best,['best'],4,2025-10-03,Commercial Bank of Ethiopia,0.6369,positive,positive,0.9993187189102173,1,Other
6a9f2e06-2391-4846-a1bb-0605b2cd4242,This App CBE bank it's Simple and Smart I Like it.,simple smart like,"['simple', 'smart', 'like']",5,2025-10-03,Commercial Bank of Ethiopia,0.6369,positive,positive,0.9998519420623779,1,Other
5ba4cabb-ec35-4aec-b02e-a54007f2d789,Rijalufaris,rijalufaris,['rijalufaris'],5,2025-10-02,Commercial Bank of Ethiopia,0.0,neutral,positive,0.6782292723655701,1,Other
72fac2da-7732-40ae-948b-708abf47cc0d,its Best app But i hate the Repeatedly update request,best hate repeatedly update request,"['best', 'hate', 'repeatedly', 'update', 'request']",5,2025-10-02,Commercial Bank of Ethiopia,-0.5346,negative,negative,0.9902864098548889,-1,Feature Requests
c6e45006-f1be-4791-a6bc-5cb5f3a5480e,imoo,imoo,['imoo'],3,2025-10-02,Commercial Bank of Ethiopia,0.0,neutral,positive,0.9941620230674744,1,Other
05480cec-2025-459d-b778-dffc965c770d,"it was good since it become a robber the vat ,tax,service charge,unbelievable charge to send to other bank, monthly charge,etc i hope one international bank comes and we all leave this bank. enough is enough",good since become robber vat taxservice chargeunbelievable charge send monthly chargeetc hope one international come leave enough enough,"['good', 'since', 'become', 'robber', 'vat', 'taxservice', 'chargeunbelievable', 'charge', 'send', 'monthly', 'chargeetc', 'hope', 'one', 'international', 'come', 'leave', 'enough', 'enough']",1,2025-10-02,Commercial Bank of Ethiopia,0.25,positive,positive,0.9915568828582764,1,Customer Support
65f32267-1792-445a-9d83-988683a246bb,screen shoot always not allowed why?,screen shoot always allowed,"['screen', 'shoot', 'always', 'allowed']",5,2025-10-02,Commercial Bank of Ethiopia,-0.34,negative,negative,0.9965750575065613,-1,UI / UX
679d53bb-4eb0-4cb1-836f-46db6b0fd30f,enkorabetalen,enkorabetalen,['enkorabetalen'],5,2025-10-01,Commercial Bank of Ethiopia,0.0,neutral,positive,0.9099953174591064,1,Other
91563646-8ab1-4920-8710-b7fbf54647a2,Gamada mahamadi,gamada mahamadi,"['gamada', 'mahamadi']",1,2025-10-01,Commercial Bank of Ethiopia,0.0,neutral,positive,0.7746042609214783,1,Other
f9fc527c-a906-4f3a-bc73-5788be785d7b,it is very good banking web but its network is sometimes busy i hope they willfix the problem,good banking web network sometimes busy hope willfix problem,"['good', 'banking', 'web', 'network', 'sometimes', 'busy', 'hope', 'willfix', 'problem']",4,2025-09-30,Commercial Bank of Ethiopia,0.3392,positive,negative,0.9974638223648071,-1,Other
5aa4d37f-f987-497b-8890-3acd8d98fc42,verfcasencod,verfcasencod,['verfcasencod'],5,2025-09-30,Commercial Bank of Ethiopia,0.0,neutral,negative,0.8742532730102539,-1,Other
8239c27e-53e8-46bb-a66d-3f96f842dd91,you can't get your own transaction history,cant get transaction history,"['cant', 'get', 'transaction', 'history']",1,2025-09-29,Commercial Bank of Ethiopia,0.0,neutral,negative,0.9996032118797302,-1,Other
ea1f5c47-8fd1-466e-a734-339f38552c7c,sintu,sintu,['sintu'],5,2025-09-29,Commercial Bank of Ethiopia,0.0,neutral,negative,0.959613561630249,-1,Other
0731dc17-2dc7-49fb-ac89-a2dd6c33f8c3,BEST,best,['best'],5,2025-09-28,Commercial Bank of Ethiopia,0.6369,positive,positive,0.9997941851615906,1,Other
27ea5e57-7906-4701-b116-c1a8ff13febc,Bank of Ethiopia,ethiopia,['ethiopia'],5,2025-09-28,Commercial Bank of Ethiopia,0.0,neutral,positive,0.9304206967353821,1,Other
9d643178-b404-4c08-8d2c-f91e2e87f432,"All most Good, but need improvement",good need improvement,"['good', 'need', 'improvement']",5,2025-09-27,Commercial Bank of Ethiopia,0.7267,positive,negative,0.8200955390930176,-1,Other
af0a4d1d-b254-4967-b163-aa40f6b51b6d,"Great application for me,So I would like to rate with Solid 5 star.That It works well overall. So hello everyone enjoy the apps",great application meso would like rate solid starthat work well overall hello everyone enjoy apps,"['great', 'application', 'meso', 'would', 'like', 'rate', 'solid', 'starthat', 'work', 'well', 'overall', 'hello', 'everyone', 'enjoy', 'apps']",5,2025-09-27,Commercial Bank of Ethiopia,0.9147,positive,positive,0.9998365640640259,1,Other
e353e42a-0ba2-423f-9f9a-4ba34cded129,poor app all of you guys delete CBE and download BOA,poor guy delete download,"['poor', 'guy', 'delete', 'download']",1,2025-09-27,Commercial Bank of Ethiopia,-0.4767,negative,negative,0.9997864365577698,-1,Other
cf3fb51e-53d0-46d9-baf2-20e03d419812,niceapp,niceapp,['niceapp'],5,2025-09-27,Commercial Bank of Ethiopia,0.0,neutral,positive,0.9998270869255066,1,Other
34782f5c-6307-4491-a204-72dbcf944478,the best app of all,best,['best'],5,2025-09-25,Commercial Bank of Ethiopia,0.6369,positive,positive,0.9998633861541748,1,Other
6c72590a-6064-4aac-a5b5-a23df953162d,"Most of the time when I try to open the app, it does not load. The circle keeps spinning as if it is trying to open, and get a message saying "" 2 attempts left for offline login"". This seems to mean that the app cannot connect to the internet, even though I have a stable internet connection, and all other stuff work properly.",time try open load circle keep spinning trying open get message saying attempt left offline login seems mean connect internet even though stable internet connection stuff work properly,"['time', 'try', 'open', 'load', 'circle', 'keep', 'spinning', 'trying', 'open', 'get', 'message', 'saying', 'attempt', 'left', 'offline', 'login', 'seems', 'mean', 'connect', 'internet', 'even', 'though', 'stable', 'internet', 'connection', 'stuff', 'work', 'properly']",2,2025-09-24,Commercial Bank of Ethiopia,0.1779,positive,negative,0.9988370537757874,-1,Account Access
b568b193-afdf-49a2-8263-928754b4772c,Juhaar,juhaar,['juhaar'],5,2025-09-24,Commercial Bank of Ethiopia,0.0,neutral,negative,0.6955294013023376,-1,Other
e5929d0e-5db5-4d8f-9fef-0c5486213308,I am using CBE app very fantastic.,using fantastic,"['using', 'fantastic']",5,2025-09-24,Commercial Bank of Ethiopia,0.5984,positive,positive,0.999567449092865,1,Other
64181769-8dc3-4814-9f08-cf2ba3ae5305,bist app tankyou,bist tankyou,"['bist', 'tankyou']",4,2025-09-23,Commercial Bank of Ethiopia,0.0,neutral,negative,0.9962037205696106,-1,Other
ae6518d4-a242-41d5-81ca-90dfc9824d84,this is very useful and consistent app,useful consistent,"['useful', 'consistent']",5,2025-09-23,Commercial Bank of Ethiopia,0.4927,positive,positive,0.9998074173927307,1,Other
175e9e6c-3ed2-4cbb-900b-3d49a2f72216,"this application provides timely service in a good, fast and reliable manner.",application provides timely service good fast reliable manner,"['application', 'provides', 'timely', 'service', 'good', 'fast', 'reliable', 'manner']",5,2025-09-23,Commercial Bank of Ethiopia,0.4404,positive,positive,0.9998519420623779,1,Customer Support
5a8b2a20-8119-4309-85a6-389188e4b37e,So good,good,['good'],5,2025-09-23,Commercial Bank of Ethiopia,0.4927,positive,positive,0.999841570854187,1,Other
4997b3bc-486e-4392-abb9-bea943f100d5,it will be more better if the app have the feature receipt verifying from QR CODE SCREENSHOT IMAGES FROM gallery ... currently IT WORKS ONLY FROM DIRECT CAMERA CAPTURING,better feature receipt verifying qr code screenshot image gallery currently work direct camera capturing,"['better', 'feature', 'receipt', 'verifying', 'qr', 'code', 'screenshot', 'image', 'gallery', 'currently', 'work', 'direct', 'camera', 'capturing']",4,2025-09-23,Commercial Bank of Ethiopia,0.4927,positive,negative,0.9990800619125366,-1,"Feature Requests, UI / UX"
ceca6531-d52e-4f24-b61a-1f804b5897b2,"From the UX perspective it can be better, it's old and it's not obvious where you can find some things",ux perspective better old obvious find thing,"['ux', 'perspective', 'better', 'old', 'obvious', 'find', 'thing']",3,2025-09-22,Commercial Bank of Ethiopia,0.4404,positive,negative,0.9970171451568604,-1,Other
50b3ec22-c555-40a9-bc10-7f72fb5a81c2,It is amazing app but it is more better if it is possible to transfer from account to other telebirr,amazing better possible transfer account telebirr,"['amazing', 'better', 'possible', 'transfer', 'account', 'telebirr']",5,2025-09-22,Commercial Bank of Ethiopia,0.771,positive,negative,0.7687897086143494,-1,"Payments & Cards, Transaction Performance"
4cc29da3-9526-44f0-a60f-e4e8cbca0889,"The app was great while it was active. However, after the app did an update, I lost connection with a message ""Network Error"". Please try to fix it as there are many clients of CBE using this app globally from abroad countries.",great active however update lost connection message network error please try fix many client using globally abroad country,"['great', 'active', 'however', 'update', 'lost', 'connection', 'message', 'network', 'error', 'please', 'try', 'fix', 'many', 'client', 'using', 'globally', 'abroad', 'country']",3,2025-09-21,Commercial Bank of Ethiopia,0.7783,positive,negative,0.9989680051803589,-1,"Crashes & Bugs, Feature Requests"
2b8e0e28-3c61-48e8-bba0-961d4e029d8c,very important app,important,['important'],4,2025-09-21,Commercial Bank of Ethiopia,0.2716,positive,positive,0.9995480179786682,1,Other
5a399dc2-6362-4a7f-8a07-c6450e33859e,the best of all mobile banking in Ethiopia works perfectly fine,best mobile banking ethiopia work perfectly fine,"['best', 'mobile', 'banking', 'ethiopia', 'work', 'perfectly', 'fine']",5,2025-09-21,Commercial Bank of Ethiopia,0.8807,positive,positive,0.9998689889907837,1,Other
698b316c-e942-4097-b0c5-f776f7a6fd64,DANTRO BAND!!!,dantro band,"['dantro', 'band']",5,2025-09-21,Commercial Bank of Ethiopia,0.0,neutral,positive,0.9943898320198059,1,Other
047ab6ed-fbb2-4f88-ab6b-7fa4c1e7d2fd,some time when make transfer from Mobile account to other cbebirr wallet no show customer name so please check it......thanks my cbe.. cbebirr application very nice application wallet,time make transfer mobile account cbebirr wallet show customer name please check itthanks cbebirr application nice application wallet,"['time', 'make', 'transfer', 'mobile', 'account', 'cbebirr', 'wallet', 'show', 'customer', 'name', 'please', 'check', 'itthanks', 'cbebirr', 'application', 'nice', 'application', 'wallet']",5,2025-09-20,Commercial Bank of Ethiopia,0.5973,positive,positive,0.9983887672424316,1,"Customer Support, Transaction Performance"
9fe63693-8e5e-4c86-9d29-ff31afd057bf,this app is very useful but sometimes when you want to see specific transactions it didn't work so that way i gave 3,useful sometimes want see specific transaction didnt work way gave,"['useful', 'sometimes', 'want', 'see', 'specific', 'transaction', 'didnt', 'work', 'way', 'gave']",3,2025-09-20,Commercial Bank of Ethiopia,0.3708,positive,negative,0.9951974749565125,-1,Other
be342fa9-1e01-4b45-a8e6-666c2fd79fcf,why i must visit the branch i opened my account to activate the mobile banking services? if it a connected network it maybe done from any branch.,must visit branch opened account activate mobile banking service connected network maybe done branch,"['must', 'visit', 'branch', 'opened', 'account', 'activate', 'mobile', 'banking', 'service', 'connected', 'network', 'maybe', 'done', 'branch']",1,2025-09-20,Commercial Bank of Ethiopia,0.0,neutral,negative,0.9981855750083923,-1,Customer Support
84c792e9-34da-4a2f-b0a5-6bc9501495d9,asfaw damse,asfaw damse,"['asfaw', 'damse']",5,2025-09-19,Commercial Bank of Ethiopia,0.0,neutral,negative,0.9871633052825928,-1,Other
70a41c2e-0ebd-47ab-8dba-794b369f529e,jabadhaa namatii tolataan,jabadhaa namatii tolataan,"['jabadhaa', 'namatii', 'tolataan']",5,2025-09-19,Commercial Bank of Ethiopia,0.0,neutral,negative,0.962352991104126,-1,Other
0edb4624-c49a-4b38-9676-15795535cad4,"The App is very good in its interface and user friendly. But it could be a pro app had it had additional feature that let us run multiple accounts on a single phone with an option of ""additional"" account!",good interface user friendly could pro additional feature let u run multiple account single phone option additional account,"['good', 'interface', 'user', 'friendly', 'could', 'pro', 'additional', 'feature', 'let', 'u', 'run', 'multiple', 'account', 'single', 'phone', 'option', 'additional', 'account']",3,2025-09-19,Commercial Bank of Ethiopia,0.5406,positive,negative,0.9511563181877136,-1,"Feature Requests, UI / UX"
fc5dec73-4055-497c-abe9-b3e72a9eb973,The app is user friendly. But i want some amendment or include option of sending money to other tele birr like other cbe birr.,user friendly want amendment include option sending money tele birr like birr,"['user', 'friendly', 'want', 'amendment', 'include', 'option', 'sending', 'money', 'tele', 'birr', 'like', 'birr']",4,2025-09-18,Commercial Bank of Ethiopia,0.7003,positive,negative,0.9966429471969604,-1,UI / UX
00fa7434-9ab8-403f-8022-245489949f11,Truly amazing!,truly amazing,"['truly', 'amazing']",5,2025-09-18,Commercial Bank of Ethiopia,0.7901,positive,positive,0.9998810291290283,1,Other
d20939ad-edfa-4940-87a0-42390551a420,Doesn't have option to generate statement for transactions,doesnt option generate statement transaction,"['doesnt', 'option', 'generate', 'statement', 'transaction']",3,2025-09-18,Commercial Bank of Ethiopia,0.0,neutral,negative,0.992244303226471,-1,Other
9463dbb2-43e2-4eab-b681-5290cde6505d,JanaleBl,janalebl,['janalebl'],5,2025-09-17,Commercial Bank of Ethiopia,0.0,neutral,positive,0.9632813930511475,1,Other
eb7dd7e2-4cb9-4587-beae-158122e8161c,nice application,nice application,"['nice', 'application']",5,2025-09-17,Commercial Bank of Ethiopia,0.4215,positive,positive,0.9998229146003723,1,Other
cbea0f3a-64c8-4df1-8894-99c636a3b7f1,WaaaaaaaW,waaaaaaaw,['waaaaaaaw'],1,2025-09-17,Commercial Bank of Ethiopia,0.0,neutral,negative,0.9848952293395996,-1,Other
df338414-9c67-4832-9823-7e46fd91075d,very nice,nice,['nice'],5,2025-09-16,Commercial Bank of Ethiopia,0.4754,positive,positive,0.9998563528060913,1,Other
95c685cb-8f77-4382-9a2c-0ec1f22370b5,Of,,[],5,2025-09-16,Commercial Bank of Ethiopia,0.0,neutral,positive,0.9193394780158997,1,Other
aef081be-7fc2-42f9-9ae7-fb9a292c835b,it's best app to use recently and upgraded day to day for internationalization,best use recently upgraded day day internationalization,"['best', 'use', 'recently', 'upgraded', 'day', 'day', 'internationalization']",4,2025-09-16,Commercial Bank of Ethiopia,0.6369,positive,positive,0.9983494281768799,1,Other
d8b089cb-de9a-4517-8b8d-8a2789fd177a,Easy to use and not Complicated 👍,easy use complicated,"['easy', 'use', 'complicated']",5,2025-09-15,Commercial Bank of Ethiopia,0.4404,positive,positive,0.9179596304893494,1,Other
db059b75-96c6-46b6-893f-a12e74ae25b1,apdat the app,apdat,['apdat'],5,2025-09-14,Commercial Bank of Ethiopia,0.0,neutral,negative,0.9424067139625549,-1,Other
ffabf956-7151-4904-8b48-6277bfb8a5bb,good in bankin at any time & any where.,good bankin time,"['good', 'bankin', 'time']",5,2025-09-13,Commercial Bank of Ethiopia,0.4404,positive,positive,0.9995506405830383,1,Other
81901482-565e-4dc3-859f-ec25ee3c917e,great,great,['great'],5,2025-09-13,Commercial Bank of Ethiopia,0.6249,positive,positive,0.9998630285263062,1,Other
1ebb9f31-ce77-4149-826a-697d986e9ff1,"WHAT A USELESS APP! Transfers, wallet payments, other banks — nothing works. Updated, restarted, cleared cache, reinstalled — still useless. Crashed and forced me to visit a branch just to log in 3 times. One of the biggest banks in the country can’t fix issues a junior developer could solve. Completely unreliable. Big bank , Zero functionality!",useless transfer wallet payment bank nothing work updated restarted cleared cache reinstalled still useless crashed forced visit branch log time one biggest bank country fix issue junior developer could solve completely unreliable big zero functionality,"['useless', 'transfer', 'wallet', 'payment', 'bank', 'nothing', 'work', 'updated', 'restarted', 'cleared', 'cache', 'reinstalled', 'still', 'useless', 'crashed', 'forced', 'visit', 'branch', 'log', 'time', 'one', 'biggest', 'bank', 'country', 'fix', 'issue', 'junior', 'developer', 'could', 'solve', 'completely', 'unreliable', 'big', 'zero', 'functionality']",1,2025-09-13,Commercial Bank of Ethiopia,-0.8279,negative,negative,0.9998034834861755,-1,"Crashes & Bugs, Feature Requests, Payments & Cards, Transaction Performance"
26b2c95e-a6f0-436c-9f03-7f9804f40696,it is best to me,best,['best'],1,2025-09-13,Commercial Bank of Ethiopia,0.6369,positive,positive,0.9966468214988708,1,Other
18d048fb-bdd0-409e-b928-2add6e098fd2,hayizgi mebrahtom feshay,hayizgi mebrahtom feshay,"['hayizgi', 'mebrahtom', 'feshay']",5,2025-09-13,Commercial Bank of Ethiopia,0.0,neutral,negative,0.638779878616333,-1,Other
89aa8ddd-e35b-472f-a8da-d65c16a07626,Excellent app,excellent,['excellent'],5,2025-09-12,Commercial Bank of Ethiopia,0.5719,positive,positive,0.9998356103897095,1,Other
93aec6fd-b95e-497a-bf23-525362628cb8,after apdate the app doesn't work any thing else it said enable to connects,apdate doesnt work thing else said enable connects,"['apdate', 'doesnt', 'work', 'thing', 'else', 'said', 'enable', 'connects']",1,2025-09-12,Commercial Bank of Ethiopia,0.0,neutral,negative,0.9993560910224915,-1,Other
4f5797f9-6c35-4fd6-8ed8-b2ecf912c04a,love,love,['love'],5,2025-09-12,Commercial Bank of Ethiopia,0.6369,positive,positive,0.9998735189437866,1,Other
5f1427ed-db7c-4427-a256-2678dc2d6dae,Hasasa bank,hasasa,['hasasa'],1,2025-09-11,Commercial Bank of Ethiopia,0.0,neutral,positive,0.8199577927589417,1,Other
0223c3f1-12d3-4d3d-b2ea-cd980d15ab92,All ways Trusted.,way trusted,"['way', 'trusted']",5,2025-09-11,Commercial Bank of Ethiopia,0.4767,positive,positive,0.9988715052604675,1,Other
ecc6b893-7ad0-4aac-a571-338dc04914bf,best MB application in Ethiopia financial sector.,best mb application ethiopia financial sector,"['best', 'mb', 'application', 'ethiopia', 'financial', 'sector']",5,2025-09-11,Commercial Bank of Ethiopia,0.6369,positive,positive,0.9990665316581726,1,Other
86ce8a7e-e618-46cd-9f8e-1da785c2fec1,I like this app,like,['like'],5,2025-09-11,Commercial Bank of Ethiopia,0.3612,positive,positive,0.9996516704559326,1,Other
c6e99e08-ceae-4c1c-9293-ca30ff43e70f,am tired why I have to update every 5 day,tired update every day,"['tired', 'update', 'every', 'day']",1,2025-09-11,Commercial Bank of Ethiopia,-0.4404,negative,negative,0.9996090531349182,-1,Feature Requests
b2aef3b3-8737-42f8-8e7f-bdec1aa31885,usb debugig mode bicha off endidereg axrigu like awash bank,usb debugig mode bicha endidereg axrigu like awash,"['usb', 'debugig', 'mode', 'bicha', 'endidereg', 'axrigu', 'like', 'awash']",1,2025-09-10,Commercial Bank of Ethiopia,0.3612,positive,negative,0.9974377155303955,-1,Crashes & Bugs
346f5446-e8ba-405b-b52e-b28f5c24c351,good morning 🙏,good morning,"['good', 'morning']",5,2025-09-10,Commercial Bank of Ethiopia,0.4404,positive,positive,0.9997515082359314,1,Other
a5fe1d74-b071-4dfe-9e46-145d7223be32,am happy 😃,happy,['happy'],5,2025-09-09,Commercial Bank of Ethiopia,0.5719,positive,positive,0.9998183846473694,1,Other
d2967159-0513-4bd3-a122-e855b3209489,wowww,wowww,['wowww'],5,2025-09-08,Commercial Bank of Ethiopia,0.0,neutral,positive,0.9972698092460632,1,Other
91b8975e-d52a-4a6a-9193-793f667e2252,KEHRU nasir AbFIXA,kehru nasir abfixa,"['kehru', 'nasir', 'abfixa']",5,2025-09-08,Commercial Bank of Ethiopia,0.0,neutral,positive,0.818851113319397,1,Other
cd72e0bb-cfe7-4308-ac51-89496b89cf89,It is well organized.,well organized,"['well', 'organized']",5,2025-09-08,Commercial Bank of Ethiopia,0.2732,positive,positive,0.9998693466186523,1,Other
38c1f9f8-9c4a-4f71-8400-9f98003c50a5,Can't see the nearest Branch or ATM available,cant see nearest branch atm available,"['cant', 'see', 'nearest', 'branch', 'atm', 'available']",2,2025-09-08,Commercial Bank of Ethiopia,0.0,neutral,negative,0.9962969422340393,-1,Payments & Cards
308b1e0f-ac76-4a4d-b236-c08eb9bea906,the app does not open,open,['open'],1,2025-09-07,Commercial Bank of Ethiopia,0.0,neutral,negative,0.9997572302818298,-1,Other
2282390a-1484-4d5e-bf31-bbb27d183515,from Monk,monk,['monk'],3,2025-09-06,Commercial Bank of Ethiopia,0.0,neutral,positive,0.9398741722106934,1,Other
cf460082-aaf9-4a02-a229-4028cdf95a91,"Amazing, Delightful and Seamless Mobile Banking Application, I have ever Experienced!! Indeed, I feel Great Proud to be part of your Stakeholder! My First Choice Bank, Commercial Bank of Ethiopia, The Pioneer and Leading in Digital Banking Services in Ethiopia! Five stars ⭐⭐⭐⭐⭐ are little to you! Thank you so much🙏",amazing delightful seamless mobile banking application ever experienced indeed feel great proud part stakeholder first choice ethiopia pioneer leading digital banking service ethiopia five star little thank much,"['amazing', 'delightful', 'seamless', 'mobile', 'banking', 'application', 'ever', 'experienced', 'indeed', 'feel', 'great', 'proud', 'part', 'stakeholder', 'first', 'choice', 'ethiopia', 'pioneer', 'leading', 'digital', 'banking', 'service', 'ethiopia', 'five', 'star', 'little', 'thank', 'much']",5,2025-09-06,Commercial Bank of Ethiopia,0.9596,positive,positive,0.9996967315673828,1,Customer Support
c706e1f8-b031-4088-b2e6-8c5ee13edebd,incredible,incredible,['incredible'],5,2025-09-06,Commercial Bank of Ethiopia,0.0,neutral,positive,0.9998753070831299,1,Other
fcce509a-2581-42cc-8c98-6c33b5e0229c,it's the best money transfer app ever,best money transfer ever,"['best', 'money', 'transfer', 'ever']",5,2025-09-06,Commercial Bank of Ethiopia,0.6369,positive,positive,0.9996806383132935,1,Transaction Performance
c50ff290-9e6f-4a51-97cf-5096441cf16f,it is nice,nice,['nice'],5,2025-09-05,Commercial Bank of Ethiopia,0.4215,positive,positive,0.9998648166656494,1,Other
1f79354a-a658-4e96-9810-8f800ad6b489,user friendly. best.,user friendly best,"['user', 'friendly', 'best']",5,2025-09-05,Commercial Bank of Ethiopia,0.8126,positive,positive,0.9997245669364929,1,UI / UX
5a9dd78f-fbee-4fa7-aba5-1605433b8904,best app!!!,best,['best'],5,2025-09-05,Commercial Bank of Ethiopia,0.7249,positive,positive,0.9997482895851135,1,Other
6028469c-5c00-4864-a85e-7e158387f160,"It is good app and really user friendly , but it not possible to start service after the app is uninstalled or device phone is changed. So please make it easy for us, after once you set us the requirements in your office we should have to use it only by install and launch it. We do not have to visit the near by branch office every time for such silly businesses but important things. in addition to that why is that for hidding senders name or account number How can I know who tranfers to me???",good really user friendly possible start service uninstalled device phone changed please make easy u set u requirement office use install launch visit near branch office every time silly business important thing addition hidding sender name account number know tranfers,"['good', 'really', 'user', 'friendly', 'possible', 'start', 'service', 'uninstalled', 'device', 'phone', 'changed', 'please', 'make', 'easy', 'u', 'set', 'u', 'requirement', 'office', 'use', 'install', 'launch', 'visit', 'near', 'branch', 'office', 'every', 'time', 'silly', 'business', 'important', 'thing', 'addition', 'hidding', 'sender', 'name', 'account', 'number', 'know', 'tranfers']",4,2025-09-05,Commercial Bank of Ethiopia,0.9296,positive,negative,0.9859862327575684,-1,"Customer Support, Feature Requests, Payments & Cards, UI / UX"
e0e8f532-7af2-4b9d-84ab-fe051ef049c5,very good app,good,['good'],5,2025-09-05,Commercial Bank of Ethiopia,0.4927,positive,positive,0.9998675584793091,1,Other
fd6993e9-bca4-400b-8122-af3ca0e28a9c,jabirabdala,jabirabdala,['jabirabdala'],5,2025-09-04,Commercial Bank of Ethiopia,0.0,neutral,negative,0.9328047037124634,-1,Other
da0c46a2-61c8-4093-902c-de9f2471cc59,unfair cost of transportations... what a shame!!!,unfair cost transportation shame,"['unfair', 'cost', 'transportation', 'shame']",1,2025-09-04,Commercial Bank of Ethiopia,-0.795,negative,negative,0.9997835755348206,-1,Other
66ff0693-963b-4cf8-b470-23a46d10398e,"I think it is a good app to use easily. However, I have one more comment: the app does not automatically sync or update the balance in real time. Please review this issue. For example, when someone transfers money, the receiver's app does not sync automatically. It requires the user to manually initiate an update to see the current balance.",think good use easily however one comment automatically sync update balance real time please review issue example someone transfer money receiver sync automatically requires user manually initiate update see current balance,"['think', 'good', 'use', 'easily', 'however', 'one', 'comment', 'automatically', 'sync', 'update', 'balance', 'real', 'time', 'please', 'review', 'issue', 'example', 'someone', 'transfer', 'money', 'receiver', 'sync', 'automatically', 'requires', 'user', 'manually', 'initiate', 'update', 'see', 'current', 'balance']",4,2025-09-04,Commercial Bank of Ethiopia,0.765,positive,negative,0.9977514147758484,-1,"Customer Support, Feature Requests, Transaction Performance, UI / UX"
e95daa9b-9b7c-4c04-a48c-b950c0effe2c,WAW!!! I AM PROUD!!! MY STRONG BANK WORKS AT BEST EVEN IN A REMOTE LOCATION HERE IN MALABO (ECUATORIAL GUINEA). MEWOLID MUBARAK CBE!!!,waw proud strong work best even remote location malabo ecuatorial guinea mewolid mubarak,"['waw', 'proud', 'strong', 'work', 'best', 'even', 'remote', 'location', 'malabo', 'ecuatorial', 'guinea', 'mewolid', 'mubarak']",5,2025-09-04,Commercial Bank of Ethiopia,0.9147,positive,positive,0.9996813535690308,1,UI / UX
8242c794-25bc-4f59-aa06-9343382fbc2f,zinaa Ahmed,zinaa ahmed,"['zinaa', 'ahmed']",5,2025-09-04,Commercial Bank of Ethiopia,0.0,neutral,positive,0.9246605038642883,1,Other
a092d89d-acea-4e45-afb2-59c9c6955aef,absolutely excellent,absolutely excellent,"['absolutely', 'excellent']",5,2025-09-04,Commercial Bank of Ethiopia,0.6115,positive,positive,0.9998593330383301,1,Other
a6ce9c88-d33d-4192-a61b-4ac946c0a3e3,amazing app,amazing,['amazing'],5,2025-09-03,Commercial Bank of Ethiopia,0.5859,positive,positive,0.9998670816421509,1,Other
e38cc409-e9d2-4f1e-bd14-8a43ce35230d,perfect and easy,perfect easy,"['perfect', 'easy']",5,2025-09-03,Commercial Bank of Ethiopia,0.765,positive,positive,0.9998718500137329,1,Other
acdeb00e-fc22-4b4b-9731-16f961cf5ffd,fastest,fastest,['fastest'],5,2025-09-03,Commercial Bank of Ethiopia,0.0,neutral,positive,0.999160885810852,1,Other
c4c7ecf8-c82d-41af-8bc5-c79334b0111f,My account is not working,account working,"['account', 'working']",4,2025-09-03,Commercial Bank of Ethiopia,0.0,neutral,negative,0.9997815489768982,-1,Other
3e5aecbb-e47d-47a4-b4c2-bd7321637900,The recent update is not optimized fir latest version of android,recent update optimized fir latest version android,"['recent', 'update', 'optimized', 'fir', 'latest', 'version', 'android']",2,2025-09-02,Commercial Bank of Ethiopia,-0.357,negative,negative,0.999637246131897,-1,Feature Requests
6669ce5f-1810-4d1f-b7db-7e6a42d38e27,topp,topp,['topp'],5,2025-09-02,Commercial Bank of Ethiopia,0.0,neutral,positive,0.9706206321716309,1,Other
8badeef9-8844-467e-8cec-7f19fe37340d,I appreciate it,appreciate,['appreciate'],5,2025-09-01,Commercial Bank of Ethiopia,0.4019,positive,positive,0.999839186668396,1,Other
ff9c22ea-a7a9-4a61-9223-331ef7ef8467,v.good app,vgood,['vgood'],5,2025-09-01,Commercial Bank of Ethiopia,0.0,neutral,positive,0.9952701926231384,1,Other
d5dc7297-7006-4bd6-ab05-eedd3f615203,sahib amin jamal,sahib amin jamal,"['sahib', 'amin', 'jamal']",1,2025-08-31,Commercial Bank of Ethiopia,0.0,neutral,positive,0.8987875580787659,1,Other
92267491-afb1-4413-8fb2-d82e56275ed7,installi,installi,['installi'],5,2025-08-31,Commercial Bank of Ethiopia,0.0,neutral,negative,0.9575469493865967,-1,Other
2154c21e-ec52-413e-8e2e-91a5bba58316,very good apps,good apps,"['good', 'apps']",5,2025-08-30,Commercial Bank of Ethiopia,0.4927,positive,positive,0.9998751878738403,1,Other
7bfdbc13-8426-412b-83f9-000bd411056b,the app say it is not compatible with ur phone can u fix it it is not updating.,say compatible ur phone u fix updating,"['say', 'compatible', 'ur', 'phone', 'u', 'fix', 'updating']",1,2025-08-30,Commercial Bank of Ethiopia,0.0,neutral,negative,0.9997796416282654,-1,Other
a02f8c55-349e-4153-952e-b9fd9857015e,"I would like to give you some feedback on Current update, its very nice and easy to use👍 but in some button there is still not improved For example while iwant to check my recent Txn it not well sequenced and arranged or some txn may not appear ... becouse of this i see many of users of this app discomferted maily merchants and those make High txn daily. improve and miximize the txn shown to 300 up to 500. make Searchable Recent txn button! All in all the bank i Relly on! CBE my bank !",would like give feedback current update nice easy use button still improved example iwant check recent txn well sequenced arranged txn may appear becouse see many user discomferted maily merchant make high txn daily improve miximize txn shown make searchable recent txn button relly,"['would', 'like', 'give', 'feedback', 'current', 'update', 'nice', 'easy', 'use', 'button', 'still', 'improved', 'example', 'iwant', 'check', 'recent', 'txn', 'well', 'sequenced', 'arranged', 'txn', 'may', 'appear', 'becouse', 'see', 'many', 'user', 'discomferted', 'maily', 'merchant', 'make', 'high', 'txn', 'daily', 'improve', 'miximize', 'txn', 'shown', 'make', 'searchable', 'recent', 'txn', 'button', 'relly']",5,2025-08-29,Commercial Bank of Ethiopia,0.619,positive,negative,0.9962132573127747,-1,"Feature Requests, UI / UX"
bee6fcc5-f5bb-4687-8888-35778f574078,tinishu titiba,tinishu titiba,"['tinishu', 'titiba']",5,2025-08-29,Commercial Bank of Ethiopia,0.0,neutral,negative,0.7159714102745056,-1,Other
f164f912-599f-4985-8087-caad615499fa,"essy to use ,has great interface and user-friendly g",essy use great interface userfriendly g,"['essy', 'use', 'great', 'interface', 'userfriendly', 'g']",5,2025-08-29,Commercial Bank of Ethiopia,0.6249,positive,positive,0.9995421171188354,1,UI / UX
e9c88d11-c7f4-4cbd-a8fa-942c5cc7217d,Yuuuuu,yuuuuu,['yuuuuu'],5,2025-08-29,Commercial Bank of Ethiopia,0.0,neutral,negative,0.9227679967880249,-1,Other
6aab0785-a57f-4093-b55d-03e3e68a72e8,I found it very much friendly,found much friendly,"['found', 'much', 'friendly']",5,2025-08-29,Commercial Bank of Ethiopia,0.539,positive,positive,0.9997764229774475,1,Other
e4eb4b19-3f69-4022-9192-74953d642f39,"Very useful app, while we use CBE.",useful use,"['useful', 'use']",5,2025-08-28,Commercial Bank of Ethiopia,0.4927,positive,positive,0.9981263279914856,1,Other
dfde3f5d-4d73-49a5-b927-8fbcf4ea9c24,woooow,woooow,['woooow'],5,2025-08-28,Commercial Bank of Ethiopia,0.0,neutral,positive,0.9561601281166077,1,Other
6893be0c-8037-459e-871e-0ee6dcfaac35,Redmi,redmi,['redmi'],1,2025-08-28,Commercial Bank of Ethiopia,0.0,neutral,positive,0.9882866740226746,1,Other
c669a0d6-960b-45e4-9ada-fd1008e0855f,kamil aweil,kamil aweil,"['kamil', 'aweil']",5,2025-08-28,Commercial Bank of Ethiopia,0.0,neutral,positive,0.9943663477897644,1,Other
eaef87d7-6f8c-46ad-acd9-89f122fb98aa,In your next update can you come with night mode future,next update come night mode future,"['next', 'update', 'come', 'night', 'mode', 'future']",5,2025-08-27,Commercial Bank of Ethiopia,0.0,neutral,negative,0.6754576563835144,-1,Feature Requests
d43ab2b9-3b6c-473b-a8db-59f171fab8b7,"Truly, super competitive when compared to a well known app nowadays functioning broadly by simplest features and means namely known as Telebirr super app, Thus, CBE is my top ultimate choice that I prefer over the other bank due to its beautiful power of lead as a result I could recommend CBE to others because of its service provision via ethical principles and practice for customers satisfaction with existence of constraints and challenges face from burglary and froudalent hacker. Thank you !",truly super competitive compared well known nowadays functioning broadly simplest feature mean namely known telebirr super thus top ultimate choice prefer due beautiful power lead result could recommend others service provision via ethical principle practice customer satisfaction existence constraint challenge face burglary froudalent hacker thank,"['truly', 'super', 'competitive', 'compared', 'well', 'known', 'nowadays', 'functioning', 'broadly', 'simplest', 'feature', 'mean', 'namely', 'known', 'telebirr', 'super', 'thus', 'top', 'ultimate', 'choice', 'prefer', 'due', 'beautiful', 'power', 'lead', 'result', 'could', 'recommend', 'others', 'service', 'provision', 'via', 'ethical', 'principle', 'practice', 'customer', 'satisfaction', 'existence', 'constraint', 'challenge', 'face', 'burglary', 'froudalent', 'hacker', 'thank']",5,2025-08-27,Commercial Bank of Ethiopia,0.9834,positive,positive,0.9994266033172607,1,"Customer Support, Feature Requests"
8f98e375-b9f3-43c5-93aa-c130e7a9b109,mayreba app you its better if you use other banks,mayreba better use bank,"['mayreba', 'better', 'use', 'bank']",1,2025-08-27,Commercial Bank of Ethiopia,0.4404,positive,negative,0.9957265853881836,-1,Other
604915f5-e66b-4570-b36b-03818f884d57,Not Prefect Transfer To Other Bank The Mony Not Deliverd Imidetliy Take Three Or Five Days,prefect transfer mony deliverd imidetliy take three five day,"['prefect', 'transfer', 'mony', 'deliverd', 'imidetliy', 'take', 'three', 'five', 'day']",1,2025-08-27,Commercial Bank of Ethiopia,0.0,neutral,negative,0.9938230514526367,-1,Transaction Performance
ec618da8-bf3e-4f4f-9bbb-de3a73c7d631,let us know before you shut down the app,let u know shut,"['let', 'u', 'know', 'shut']",4,2025-08-27,Commercial Bank of Ethiopia,0.0,neutral,negative,0.9973037242889404,-1,Other
ad101354-02f8-47a8-8e53-dfaf3a506ab5,excited,excited,['excited'],5,2025-08-27,Commercial Bank of Ethiopia,0.34,positive,positive,0.9997768998146057,1,Other
0d273ca9-cf52-49f9-b5ae-ddebce86ad8f,amizing,amizing,['amizing'],5,2025-08-26,Commercial Bank of Ethiopia,0.0,neutral,negative,0.9881719946861267,-1,Other
a6e4d127-2d07-4111-bc46-d14e4cfa81b5,love it,love,['love'],5,2025-08-26,Commercial Bank of Ethiopia,0.6369,positive,positive,0.9998753070831299,1,Other
0141e976-39c0-4a31-9889-11d3d1a5e697,yes it is v good,yes v good,"['yes', 'v', 'good']",5,2025-08-26,Commercial Bank of Ethiopia,0.6808,positive,positive,0.9994988441467285,1,Other
c46a07c1-f9a3-4af2-b6a5-85628e0146cd,A great update in the Mobile Banking Application. Thanks for the System and customization department,great update mobile banking application thanks system customization department,"['great', 'update', 'mobile', 'banking', 'application', 'thanks', 'system', 'customization', 'department']",5,2025-08-26,Commercial Bank of Ethiopia,0.7906,positive,positive,0.9994227886199951,1,Feature Requests
517f1216-a882-4a83-a843-91698acffa48,this app is smart.,smart,['smart'],5,2025-08-26,Commercial Bank of Ethiopia,0.4019,positive,positive,0.9998302459716797,1,Other
c4bedc54-94d2-4e0e-99af-ed3b64046b50,I am happy,happy,['happy'],5,2025-08-26,Commercial Bank of Ethiopia,0.5719,positive,positive,0.9998801946640015,1,Other
0b7c0ba6-d0fc-4b61-9c40-d50ba113907f,Still I have not face critical problems sometimes delay to open,still face critical problem sometimes delay open,"['still', 'face', 'critical', 'problem', 'sometimes', 'delay', 'open']",4,2025-08-26,Commercial Bank of Ethiopia,0.2311,positive,positive,0.9847297072410583,1,Other
51a7e5ea-5711-424e-87ab-0d4fd5481ee5,The connection between bank and the app is lag relationship this must be corrected.,connection lag relationship must corrected,"['connection', 'lag', 'relationship', 'must', 'corrected']",4,2025-08-25,Commercial Bank of Ethiopia,-0.34,negative,negative,0.999581515789032,-1,Transaction Performance
e2a39fc2-f1fc-4d9b-be49-c4659f34e6da,I have forgotten mobail banking password,forgotten mobail banking password,"['forgotten', 'mobail', 'banking', 'password']",5,2025-08-25,Commercial Bank of Ethiopia,-0.2263,negative,negative,0.99432772397995,-1,Account Access
ced10404-2e90-49cf-92ee-ec1681e551d1,Thank you,thank,['thank'],5,2025-08-25,Commercial Bank of Ethiopia,0.3612,positive,positive,0.9998352527618408,1,Other
f83ab0c0-15e8-49f6-89d8-509a97a95cb4,muktaar Abraahim,muktaar abraahim,"['muktaar', 'abraahim']",5,2025-08-25,Commercial Bank of Ethiopia,0.0,neutral,negative,0.9458082318305969,-1,Other
dcfb2ed9-5403-4db4-9ee4-f90b9062c98c,🤞Good One,one,['one'],5,2025-08-24,Commercial Bank of Ethiopia,0.0,neutral,positive,0.8484406471252441,1,Other
48f385f9-d5e2-4b12-9ff9-64fe2a1314c2,why does it say change pin to 6 digits is that right?,say change pin digit right,"['say', 'change', 'pin', 'digit', 'right']",4,2025-08-24,Commercial Bank of Ethiopia,0.0,neutral,negative,0.9931118488311768,-1,Account Access
ec02c716-33d0-414d-889f-a8441084133c,One of the worst mobile banking apps in Ethiopia. You can't access your txn record for more than 2 weeks.,one worst mobile banking apps ethiopia cant access txn record week,"['one', 'worst', 'mobile', 'banking', 'apps', 'ethiopia', 'cant', 'access', 'txn', 'record', 'week']",1,2025-08-24,Commercial Bank of Ethiopia,-0.6249,negative,negative,0.9997283816337585,-1,Other
9a805c99-c354-4f71-95f5-5369e00ff08d,i like it and aprshat.,like aprshat,"['like', 'aprshat']",4,2025-08-23,Commercial Bank of Ethiopia,0.3612,positive,positive,0.999653697013855,1,Other
e5e7f832-6759-4005-9df6-5f8d6b354551,"The app has some issues I updated recently and now I am not able to send funds to my telebirr wallet, also we need to have a place we save our contacts where we usually send money to, after update I keep loosing all the important accounts.",issue updated recently able send fund telebirr wallet also need place save contact usually send money update keep loosing important account,"['issue', 'updated', 'recently', 'able', 'send', 'fund', 'telebirr', 'wallet', 'also', 'need', 'place', 'save', 'contact', 'usually', 'send', 'money', 'update', 'keep', 'loosing', 'important', 'account']",4,2025-08-23,Commercial Bank of Ethiopia,0.6124,positive,negative,0.9994633793830872,-1,Feature Requests
18a4264d-fa84-446e-b31c-6282945e1e9b,best app and easy to use,best easy use,"['best', 'easy', 'use']",5,2025-08-23,Commercial Bank of Ethiopia,0.7964,positive,positive,0.9996281862258911,1,Other
708d6d27-0ccc-4118-8346-116cf3e7a8ac,doesn't work unless with data doesn't refresh fast other wise functions ok but after the update transferring to telebirr is not working,doesnt work unless data doesnt refresh fast wise function ok update transferring telebirr working,"['doesnt', 'work', 'unless', 'data', 'doesnt', 'refresh', 'fast', 'wise', 'function', 'ok', 'update', 'transferring', 'telebirr', 'working']",2,2025-08-23,Commercial Bank of Ethiopia,0.3919,positive,negative,0.9990184307098389,-1,"Feature Requests, Transaction Performance"
07631370-ea19-456d-b7cc-d248d21e118c,List of transactions can't load over months and years..,list transaction cant load month year,"['list', 'transaction', 'cant', 'load', 'month', 'year']",1,2025-08-23,Commercial Bank of Ethiopia,0.0,neutral,positive,0.6906009316444397,1,Other
76455446-df2d-40fe-bccc-f4439d0f2902,transferring money to telebirr is not working,transferring money telebirr working,"['transferring', 'money', 'telebirr', 'working']",1,2025-08-23,Commercial Bank of Ethiopia,0.0,neutral,negative,0.9997877478599548,-1,Transaction Performance
5c75cede-87d5-4659-852f-2780b4549909,I don't Like this app and there service fee is highl,dont like service fee highl,"['dont', 'like', 'service', 'fee', 'highl']",5,2025-08-23,Commercial Bank of Ethiopia,-0.2755,negative,negative,0.9943022727966309,-1,Customer Support
c2331cd2-6810-4343-80bf-09025a955bf3,this application do not show over all transaction history,application show transaction history,"['application', 'show', 'transaction', 'history']",3,2025-08-23,Commercial Bank of Ethiopia,0.0,neutral,negative,0.9990196228027344,-1,Other
a9add8b7-238f-4b1e-8879-2fa4000b4800,this app is very nice but statment history is very shiort atlist add 15 days,nice statment history shiort atlist add day,"['nice', 'statment', 'history', 'shiort', 'atlist', 'add', 'day']",4,2025-08-23,Commercial Bank of Ethiopia,0.2609,positive,negative,0.9775184988975525,-1,"Feature Requests, Payments & Cards"
ee52ec44-d6c1-4ea9-ab62-527d87ecb202,"This app stooped working after i updated it. It says change password and i did, but it doesn't open with the new password. I don't like it.",stooped working updated say change password doesnt open new password dont like,"['stooped', 'working', 'updated', 'say', 'change', 'password', 'doesnt', 'open', 'new', 'password', 'dont', 'like']",1,2025-08-23,Commercial Bank of Ethiopia,-0.395,negative,negative,0.9994884729385376,-1,"Account Access, Feature Requests"
fb43046a-7c62-4497-bfcc-2e97f9014aa4,best and secured application,best secured application,"['best', 'secured', 'application']",5,2025-08-23,Commercial Bank of Ethiopia,0.7845,positive,positive,0.9997896552085876,1,Security & Fraud
5d11896c-8449-47d3-8835-f6a61f00f6c9,This application is excellent .,application excellent,"['application', 'excellent']",5,2025-08-22,Commercial Bank of Ethiopia,0.5719,positive,positive,0.9998652935028076,1,Other
e09cd140-b7c6-4789-95f9-6c9af4ecdd64,"The new update is very bugged. can't view the names of account holders I previously had transactions with, and more recently, its almost impossible to load money to telebirr, always says unable to connect...please fix asap",new update bugged cant view name account holder previously transaction recently almost impossible load money telebirr always say unable connectplease fix asap,"['new', 'update', 'bugged', 'cant', 'view', 'name', 'account', 'holder', 'previously', 'transaction', 'recently', 'almost', 'impossible', 'load', 'money', 'telebirr', 'always', 'say', 'unable', 'connectplease', 'fix', 'asap']",1,2025-08-22,Commercial Bank of Ethiopia,0.0,neutral,negative,0.9997369647026062,-1,"Crashes & Bugs, Feature Requests, Payments & Cards"
bc870613-68a0-4779-b906-1147e7eecdaa,Thise App is Great,thise great,"['thise', 'great']",5,2025-08-22,Commercial Bank of Ethiopia,0.6249,positive,positive,0.9997069239616394,1,Other
9504f5cc-7f16-4fe0-8ba5-f76eef162f8b,"its fast and easy to communicate to the app and its available all area keep it up.i will make Happy for this application thank you dashen bank for your effort,commitment and dedication. i appricated your work.",fast easy communicate available area keep upi make happy application thank effortcommitment dedication appricated work,"['fast', 'easy', 'communicate', 'available', 'area', 'keep', 'upi', 'make', 'happy', 'application', 'thank', 'effortcommitment', 'dedication', 'appricated', 'work']",5,2025-11-26,Dashen Bank,0.8442,positive,positive,0.999860405921936,1,Other
d29af33e-3f63-4b7e-9312-b63f7d2c6724,What do you care about my phone's settings? Who are you to tell me what to turn off and on? It is my phone after all. This *develoler option* thing will cost you a lot of users who are willing to leave the bank once and for all. Turn this thing off. 6 you fear this is a security issue fix your side not mine.,care phone setting tell turn phone develoler option thing cost lot user willing leave turn thing fear security issue fix side mine,"['care', 'phone', 'setting', 'tell', 'turn', 'phone', 'develoler', 'option', 'thing', 'cost', 'lot', 'user', 'willing', 'leave', 'turn', 'thing', 'fear', 'security', 'issue', 'fix', 'side', 'mine']",1,2025-11-25,Dashen Bank,0.3736,positive,negative,0.9985862970352173,-1,Security & Fraud
9b84c588-bde5-46b7-930c-c638ca26212d,Exceptional Product.,exceptional product,"['exceptional', 'product']",5,2025-11-23,Dashen Bank,0.0,neutral,positive,0.9998724460601807,1,Crashes & Bugs
3d668840-c868-4164-8efe-9295ef537613,very easy app,easy,['easy'],3,2025-11-23,Dashen Bank,0.4927,positive,positive,0.9955209493637085,1,Other
eeb816b9-14d4-4d91-a3b5-90b391850faa,"The Dashen Super App is very impressive. It is fast, easy to use, and provides smooth access to all essential banking services. Money transfer, bill payment, balance check, and other features work efficiently without issues. The design is clean and user-friendly. Great step forward in digital banking — keep up the good work, Dashen Bank!..",super impressive fast easy use provides smooth access essential banking service money transfer bill payment balance check feature work efficiently without issue design clean userfriendly great step forward digital banking keep good work,"['super', 'impressive', 'fast', 'easy', 'use', 'provides', 'smooth', 'access', 'essential', 'banking', 'service', 'money', 'transfer', 'bill', 'payment', 'balance', 'check', 'feature', 'work', 'efficiently', 'without', 'issue', 'design', 'clean', 'userfriendly', 'great', 'step', 'forward', 'digital', 'banking', 'keep', 'good', 'work']",5,2025-11-19,Dashen Bank,0.9722,positive,positive,0.9998127818107605,1,"Customer Support, Feature Requests, Payments & Cards, Transaction Performance, UI / UX"
51268efb-62a7-4121-9fc7-d0b377a32aab,bill payment options are limited in this app please add ethio telecom bill electric bill etc.. instead of adding nonsense in banking app,bill payment option limited please add ethio telecom bill electric bill etc instead adding nonsense banking,"['bill', 'payment', 'option', 'limited', 'please', 'add', 'ethio', 'telecom', 'bill', 'electric', 'bill', 'etc', 'instead', 'adding', 'nonsense', 'banking']",1,2025-11-18,Dashen Bank,-0.3182,negative,negative,0.9899314641952515,-1,"Feature Requests, Payments & Cards"
dabda953-ac0a-476a-8791-c6a66deebc20,"it's a really slow app, I'm not sure what the issue is. Even other bank transfers are not working",really slow im sure issue even transfer working,"['really', 'slow', 'im', 'sure', 'issue', 'even', 'transfer', 'working']",2,2025-11-18,Dashen Bank,-0.2411,negative,negative,0.9997981190681458,-1,Transaction Performance
20f428da-b44d-4d32-8ba6-6a7432a66028,always updating bad stability,always updating bad stability,"['always', 'updating', 'bad', 'stability']",1,2025-11-17,Dashen Bank,-0.5423,negative,negative,0.9964240193367004,-1,Other
15bd455e-6fb5-4dc8-8068-cc051fcd5d79,"it say's disable developer option, i disabled it but its not working still",say disable developer option disabled working still,"['say', 'disable', 'developer', 'option', 'disabled', 'working', 'still']",1,2025-11-17,Dashen Bank,0.0,neutral,negative,0.999519944190979,-1,Other
b2fb954d-1f3b-4b0b-9ab2-7a6da576cf26,with the super app evry thing i need is just a tap away,super evry thing need tap away,"['super', 'evry', 'thing', 'need', 'tap', 'away']",5,2025-11-17,Dashen Bank,0.5994,positive,negative,0.9930068254470825,-1,Other
27acef09-1136-4d2f-9f5d-82c4a30abd2d,nice,nice,['nice'],5,2025-11-16,Dashen Bank,0.4215,positive,positive,0.9998552799224854,1,Other
8babe417-ec30-4ba1-a860-03150c5daf7c,eyita tips,eyita tip,"['eyita', 'tip']",1,2025-11-15,Dashen Bank,0.0,neutral,positive,0.9007538557052612,1,Other
ecafe965-6f57-4ef5-88ee-9ef8adca142d,clear and presize,clear presize,"['clear', 'presize']",5,2025-11-15,Dashen Bank,0.3818,positive,positive,0.9996238946914673,1,Other
02b493af-68e8-4109-95e9-38dfce50d742,smooth and easy!!!,smooth easy,"['smooth', 'easy']",5,2025-11-14,Dashen Bank,0.5826,positive,positive,0.9998213648796082,1,Other
b8b11ccd-acac-419e-8ffc-16c86972ffd9,I have had an amazing experience with this app;ot os convenient and easy to use,amazing experience appot o convenient easy use,"['amazing', 'experience', 'appot', 'o', 'convenient', 'easy', 'use']",5,2025-11-14,Dashen Bank,0.7717,positive,positive,0.9971605539321899,1,Other
35ecd30c-9d1c-40c7-90c0-592d9ea5d0bd,"All in One Super App with smooth navigation, transaction and lifestyle services",one super smooth navigation transaction lifestyle service,"['one', 'super', 'smooth', 'navigation', 'transaction', 'lifestyle', 'service']",5,2025-11-14,Dashen Bank,0.5994,positive,positive,0.9918859004974365,1,"Customer Support, UI / UX"
dbd90565-cfa7-4a22-a297-b37face26e17,Very nice App.,nice,['nice'],5,2025-11-14,Dashen Bank,0.4754,positive,positive,0.9998617172241211,1,Other
a1d46fd6-d7a6-458a-b1a2-1b5679bd7c02,system failure transfer to others account,system failure transfer others account,"['system', 'failure', 'transfer', 'others', 'account']",2,2025-11-13,Dashen Bank,-0.5106,negative,negative,0.9988131523132324,-1,"Crashes & Bugs, Transaction Performance"
53570f06-6252-49fc-9626-b9e88fe490a9,thank you,thank,['thank'],1,2025-11-13,Dashen Bank,0.3612,positive,positive,0.9998352527618408,1,Other
3ece3a7c-9557-45ae-8053-2bf5568f2861,"Only the UI/UX is good, but it doesn't function properly. It's a shame that a leading tech bank has such an app. Amole is far better.",uiux good doesnt function properly shame leading tech amole far better,"['uiux', 'good', 'doesnt', 'function', 'properly', 'shame', 'leading', 'tech', 'amole', 'far', 'better']",1,2025-11-13,Dashen Bank,0.1655,positive,negative,0.9978633522987366,-1,UI / UX
292edafd-2214-4c68-a18e-744b5a0f3db4,"excellent app. to use perfectlly to pay,transfer,tele airtime and so on.",excellent use perfectlly paytransfertele airtime,"['excellent', 'use', 'perfectlly', 'paytransfertele', 'airtime']",5,2025-11-12,Dashen Bank,0.5719,positive,positive,0.9994845390319824,1,Transaction Performance
3a8163db-3a24-4d28-bba2-58bb438391aa,wow dashen bank super app,wow super,"['wow', 'super']",5,2025-11-12,Dashen Bank,0.8271,positive,positive,0.9992703795433044,1,Other
fec786b2-90d3-454d-a63e-bf53bf71c2a6,"This so-called “Super App” is a complete disappointment. It’s confusing, slow, and full of glitches honestly, it feels like it was designed to test people’s patience, not to help them bank. Calling it “super” is a joke; it’s one of the most useless apps I’ve ever used.",socalled super complete disappointment confusing slow full glitch honestly feel like designed test people patience help calling super joke one useless apps ever used,"['socalled', 'super', 'complete', 'disappointment', 'confusing', 'slow', 'full', 'glitch', 'honestly', 'feel', 'like', 'designed', 'test', 'people', 'patience', 'help', 'calling', 'super', 'joke', 'one', 'useless', 'apps', 'ever', 'used']",1,2025-11-11,Dashen Bank,-0.4312,negative,negative,0.9995548129081726,-1,"Customer Support, Transaction Performance, UI / UX"
6e114d46-b6cd-4ac4-9b39-611be7092468,Best Mobile Banking App in Ethiopia .,best mobile banking ethiopia,"['best', 'mobile', 'banking', 'ethiopia']",5,2025-11-11,Dashen Bank,0.6369,positive,positive,0.9997279047966003,1,Other
0564e4c4-c11e-4d31-b2d8-bdc5725ebb2c,very nice app I have ever seen,nice ever seen,"['nice', 'ever', 'seen']",5,2025-11-10,Dashen Bank,0.4754,positive,positive,0.9998395442962646,1,Other
898109d7-385c-4fc9-b8a6-bd6e2a303a39,NASTY BANK . EVEN THE SUPPER APP IS NOT WORKING WELL. WHEN I AM CALLING THEM THEY ARE NOT RESPONSE . PLEASE DON'T USE THIS APP BECAUSE YOU WILL LOSS YOU TIME ;ENERGY AND EVERYTHING . HOPELESS Bank .,nasty even supper working well calling response please dont use loss time energy everything hopeless,"['nasty', 'even', 'supper', 'working', 'well', 'calling', 'response', 'please', 'dont', 'use', 'loss', 'time', 'energy', 'everything', 'hopeless']",1,2025-11-10,Dashen Bank,-0.9205,negative,negative,0.9997878670692444,-1,Customer Support
d5e77822-77c3-4c94-b062-4c36c8b6e210,it's good but is not fast,good fast,"['good', 'fast']",5,2025-11-09,Dashen Bank,0.2382,positive,positive,0.9160580039024353,1,Other
ef42c724-ee02-45e6-8c6f-f0f4a8ab7fc6,your financial system must improved,financial system must improved,"['financial', 'system', 'must', 'improved']",4,2025-11-09,Dashen Bank,0.4767,positive,positive,0.715223491191864,1,Other
1f2786d3-7b51-4467-95f2-fb7ef877469a,your service is too good,service good,"['service', 'good']",5,2025-11-09,Dashen Bank,0.4404,positive,positive,0.999098539352417,1,Customer Support
09607d06-8ab3-45a4-bc8e-c824930c888a,good experience,good experience,"['good', 'experience']",5,2025-11-09,Dashen Bank,0.4404,positive,positive,0.9998599290847778,1,Other
4cdd9b19-e553-4afb-93c9-270d15315c28,ok,ok,['ok'],5,2025-11-08,Dashen Bank,0.296,positive,positive,0.9997851252555847,1,Other
34c15681-d4e1-4690-b330-13b138d9adf2,"Amazing app, 👏",amazing,['amazing'],5,2025-11-07,Dashen Bank,0.5859,positive,positive,0.9997995495796204,1,Other
84e34f1c-ea3e-439c-8076-f8804fa9b556,wooow,wooow,['wooow'],5,2025-11-07,Dashen Bank,0.0,neutral,negative,0.9839173555374146,-1,Other
25ea2324-c911-4710-b2f0-4f5115675cbe,Nice app,nice,['nice'],5,2025-11-07,Dashen Bank,0.4215,positive,positive,0.9998061060905457,1,Other
b1450711-16b6-4649-abcd-19bfc90d87d4,best,best,['best'],5,2025-11-07,Dashen Bank,0.6369,positive,positive,0.9997941851615906,1,Other
215de933-fc3e-45ce-9bd9-b7d6d113c8c3,"easy to use, friendly",easy use friendly,"['easy', 'use', 'friendly']",5,2025-11-06,Dashen Bank,0.7269,positive,positive,0.999752938747406,1,Other
f5360419-4441-4084-a1c2-eb9b07206b36,"12yr more LC, UCP & ICC & loan",yr lc ucp icc loan,"['yr', 'lc', 'ucp', 'icc', 'loan']",5,2025-11-06,Dashen Bank,0.0,neutral,negative,0.930407702922821,-1,Other
80a217d4-a389-40ab-bd17-b6c164c76aaa,"not attractive and friendly app. Check Awash, CBE apps",attractive friendly check awash apps,"['attractive', 'friendly', 'check', 'awash', 'apps']",1,2025-11-06,Dashen Bank,-0.6167,negative,negative,0.9997969269752502,-1,Other
b47d9d1d-7a70-4074-833d-2c1056dda3a0,amzing,amzing,['amzing'],5,2025-11-06,Dashen Bank,0.0,neutral,negative,0.9989879727363586,-1,Other
362b7c91-55d7-45f5-bcd5-7088f6b09e3a,"The Dashen Super App is very impressive. It is fast, easy to use, and provides smooth access to all essential banking services. Money transfer, bill payment, balance check, and other features work efficiently without issues. The design is clean and user-friendly. Great step forward in digital banking — keep up the good work, Dashen Bank!",super impressive fast easy use provides smooth access essential banking service money transfer bill payment balance check feature work efficiently without issue design clean userfriendly great step forward digital banking keep good work,"['super', 'impressive', 'fast', 'easy', 'use', 'provides', 'smooth', 'access', 'essential', 'banking', 'service', 'money', 'transfer', 'bill', 'payment', 'balance', 'check', 'feature', 'work', 'efficiently', 'without', 'issue', 'design', 'clean', 'userfriendly', 'great', 'step', 'forward', 'digital', 'banking', 'keep', 'good', 'work']",5,2025-11-05,Dashen Bank,0.9722,positive,positive,0.9998143315315247,1,"Customer Support, Feature Requests, Payments & Cards, Transaction Performance, UI / UX"
6865f69e-cc69-42db-941a-85cc16ce6bf8,betam kerfafa naw,betam kerfafa naw,"['betam', 'kerfafa', 'naw']",1,2025-11-05,Dashen Bank,0.0,neutral,negative,0.9936383366584778,-1,Other
b91bcd0e-b1b1-42f1-acbb-9445f701adf3,exceptional,exceptional,['exceptional'],5,2025-11-05,Dashen Bank,0.0,neutral,positive,0.9998514652252197,1,Crashes & Bugs
2e58305b-5b99-4fc5-b4f0-1be5623a0558,worst app ever,worst ever,"['worst', 'ever']",1,2025-11-05,Dashen Bank,-0.6249,negative,negative,0.9997803568840027,-1,Other
6bf6ad8e-bd05-454f-ac8f-fc11c1aeedb5,"Dashen, always two step ahead.",always two step ahead,"['always', 'two', 'step', 'ahead']",5,2025-11-05,Dashen Bank,0.0,neutral,positive,0.9996127486228943,1,Other
e2e4f955-c79a-4192-a71e-950a3fde3907,"Please try to fix the barrier between other banks specially with ""Commercial bank of Ethiopia""",please try fix barrier bank specially ethiopia,"['please', 'try', 'fix', 'barrier', 'bank', 'specially', 'ethiopia']",3,2025-11-05,Dashen Bank,0.2023,positive,negative,0.9868883490562439,-1,Other
703187ba-cd29-46c8-9bdf-bdfd54668e67,i am using,using,['using'],5,2025-11-05,Dashen Bank,0.0,neutral,positive,0.9937612414360046,1,Other
7bf9a8a8-2718-4a3b-85f0-3ac3b628ec84,It is a wonderful App developed by a local talent. It deserves an appreciation. It will continue to evolve with new exciting features.,wonderful developed local talent deserves appreciation continue evolve new exciting feature,"['wonderful', 'developed', 'local', 'talent', 'deserves', 'appreciation', 'continue', 'evolve', 'new', 'exciting', 'feature']",5,2025-11-05,Dashen Bank,0.9186,positive,positive,0.9998525381088257,1,Feature Requests
e6ada560-df66-4170-b0cb-e04a65ead451,wonderful app,wonderful,['wonderful'],5,2025-11-05,Dashen Bank,0.5719,positive,positive,0.9998787641525269,1,Other
d18aa410-4dc1-4c26-8f7d-a866f5b498ba,"i love the app it features are perfect, but it asks to update too many times to activate your need to visit a nearest branch and that takes time. other than that the app is great I like it",love feature perfect asks update many time activate need visit nearest branch take time great like,"['love', 'feature', 'perfect', 'asks', 'update', 'many', 'time', 'activate', 'need', 'visit', 'nearest', 'branch', 'take', 'time', 'great', 'like']",5,2025-11-05,Dashen Bank,0.9306,positive,positive,0.9031407833099365,1,Feature Requests
b23ea516-d92d-4e3b-88d4-d0bc679d23cb,go ahead,go ahead,"['go', 'ahead']",5,2025-11-05,Dashen Bank,0.0,neutral,positive,0.999769389629364,1,Other
d4d30d69-4b0a-4ad0-8430-7aa85f6467e6,its supper,supper,['supper'],5,2025-11-04,Dashen Bank,0.0,neutral,positive,0.9683655500411987,1,Other
e0bb7d0a-fe46-4423-b26d-c9ad4a40afc2,Good,good,['good'],5,2025-11-04,Dashen Bank,0.4404,positive,positive,0.9998161196708679,1,Other
8eb02f5b-df9f-420c-b3b8-834820e32c3c,it's so boring,boring,['boring'],1,2025-11-04,Dashen Bank,-0.3804,negative,negative,0.9997939467430115,-1,Other
ba74c62f-ad24-42ab-bbdf-b56a765ba124,Dashen Bank Super App is the latest version of online banking system that is the gift from Dashen bank for us Thanks to Dashen,super latest version online banking system gift u thanks,"['super', 'latest', 'version', 'online', 'banking', 'system', 'gift', 'u', 'thanks']",5,2025-11-04,Dashen Bank,0.8658,positive,positive,0.9986799359321594,1,Other
8ffcaec9-4351-4cc7-973c-1d86365894f0,"i rarely leave reviews, but this app truely deserves one.it's efficient ,secure , reliable and makes fanancial tasks effortless.definitely 5 stars for this exceptional app",rarely leave review truely deserves oneits efficient secure reliable make fanancial task effortlessdefinitely star exceptional,"['rarely', 'leave', 'review', 'truely', 'deserves', 'oneits', 'efficient', 'secure', 'reliable', 'make', 'fanancial', 'task', 'effortlessdefinitely', 'star', 'exceptional']",5,2025-11-04,Dashen Bank,0.7829,positive,positive,0.9997314810752869,1,"Crashes & Bugs, Security & Fraud"
360a6c12-d948-4ce0-aea6-267b8eaaa743,it has improved very much lately its working more and getting better but yet it is not fully fixed some time at night it doesn't work..i think the problem is it was launched too early.,improved much lately working getting better yet fully fixed time night doesnt worki think problem launched early,"['improved', 'much', 'lately', 'working', 'getting', 'better', 'yet', 'fully', 'fixed', 'time', 'night', 'doesnt', 'worki', 'think', 'problem', 'launched', 'early']",3,2025-11-04,Dashen Bank,0.0854,positive,negative,0.9994889497756958,-1,Other
2abe9685-d09b-407a-9f01-1acdab932ded,Amazing,amazing,['amazing'],5,2025-11-03,Dashen Bank,0.5859,positive,positive,0.999875545501709,1,Other
b9c85a77-6315-4df3-844d-63d6e0fba45b,wow dashen bank,wow,['wow'],5,2025-11-03,Dashen Bank,0.5859,positive,positive,0.9995077848434448,1,Other
59498129-d37f-4693-a7e7-834300661621,"I just updated my app to the latest version and I couldn't even see my balance, send money or do anything. It says service is unavailable and it will be fixed soon.",updated latest version couldnt even see balance send money anything say service unavailable fixed soon,"['updated', 'latest', 'version', 'couldnt', 'even', 'see', 'balance', 'send', 'money', 'anything', 'say', 'service', 'unavailable', 'fixed', 'soon']",5,2025-11-01,Dashen Bank,0.0,neutral,negative,0.9997263550758362,-1,"Customer Support, Feature Requests"
2ccfdda8-3a7e-4c83-a336-837799716a01,it's too slow,slow,['slow'],1,2025-11-01,Dashen Bank,0.0,neutral,negative,0.9997879862785339,-1,Transaction Performance
9f025499-c17d-4452-bb71-3c2b7b1c4500,"Before the recent update, this app was great. Now, the home page is cluttered with promotions and banners, which really hurts the experience. I think the app stopped being banking app and started only to promote b/c 95% of the app is only ads, also full of bugs",recent update great home page cluttered promotion banner really hurt experience think stopped banking started promote bc ad also full bug,"['recent', 'update', 'great', 'home', 'page', 'cluttered', 'promotion', 'banner', 'really', 'hurt', 'experience', 'think', 'stopped', 'banking', 'started', 'promote', 'bc', 'ad', 'also', 'full', 'bug']",1,2025-11-01,Dashen Bank,0.3415,positive,negative,0.9991123080253601,-1,"Crashes & Bugs, Feature Requests"
34e38910-0b27-4048-954e-82aa66d61c43,"This might be the worst banking app I've ever used I dont know why kind of bug it is but suddenly the apps stops working it says ""Temporarily unavailable"" for a simple feature like viewing account balance and in person visit was no help it took them longer than 2 hours to fix it and even after that 2 weeks later the same problem just because of this I'm going to stop using the bank altogether which is a shame because it's a decent bank",might worst banking ive ever used dont know kind bug suddenly apps stop working say temporarily unavailable simple feature like viewing account balance person visit help took longer hour fix even week later problem im going stop using altogether shame decent,"['might', 'worst', 'banking', 'ive', 'ever', 'used', 'dont', 'know', 'kind', 'bug', 'suddenly', 'apps', 'stop', 'working', 'say', 'temporarily', 'unavailable', 'simple', 'feature', 'like', 'viewing', 'account', 'balance', 'person', 'visit', 'help', 'took', 'longer', 'hour', 'fix', 'even', 'week', 'later', 'problem', 'im', 'going', 'stop', 'using', 'altogether', 'shame', 'decent']",1,2025-11-01,Dashen Bank,-0.8735,negative,negative,0.9994062185287476,-1,"Crashes & Bugs, Customer Support, Feature Requests"
54ec2a20-6d4c-4934-8f43-95bcbfc419ae,The worst app ever. Extremely unreliable. Such a shame for a big bank.,worst ever extremely unreliable shame big,"['worst', 'ever', 'extremely', 'unreliable', 'shame', 'big']",1,2025-10-31,Dashen Bank,-0.8158,negative,negative,0.9998087286949158,-1,Other
a2b10118-101d-4ee3-ad6f-61980614aa3b,app is too slow not opening fast,slow opening fast,"['slow', 'opening', 'fast']",1,2025-10-31,Dashen Bank,0.0,neutral,negative,0.9994286894798279,-1,Transaction Performance
322b8846-bfa9-46cc-bd78-3764c23d0c37,good,good,['good'],5,2025-10-30,Dashen Bank,0.4404,positive,positive,0.9998161196708679,1,Other
a0165d49-aca9-41e3-929f-ef67fccf3f56,"it's seems to have some improvements, I don't know what's going on with this app sometimes get collapseed. This is not expected from Dashen bank, which is amongst from famous and greatest banks.",seems improvement dont know whats going sometimes get collapseed expected amongst famous greatest bank,"['seems', 'improvement', 'dont', 'know', 'whats', 'going', 'sometimes', 'get', 'collapseed', 'expected', 'amongst', 'famous', 'greatest', 'bank']",1,2025-10-30,Dashen Bank,0.7579,positive,negative,0.9892114400863647,-1,Other
3dff5082-039f-40a3-8d75-11dbf6ed6f44,very nise good,nise good,"['nise', 'good']",5,2025-10-30,Dashen Bank,0.4902,positive,positive,0.999859094619751,1,Other
8e7a821b-fa3e-4d69-aaed-7ef7e4bc9019,very interesting,interesting,['interesting'],5,2025-10-30,Dashen Bank,0.4576,positive,positive,0.999863862991333,1,Other
99b90e10-84e8-4a3d-b564-b6b1fc10698e,what your emplyees tell as about the app when they came to our store and what actually the app is different,emplyees tell came store actually different,"['emplyees', 'tell', 'came', 'store', 'actually', 'different']",1,2025-10-30,Dashen Bank,0.0,neutral,positive,0.9886024594306946,1,Other
e938df24-05ce-4d22-adcc-ae6d3a74d22a,Excellent promotion,excellent promotion,"['excellent', 'promotion']",5,2025-10-30,Dashen Bank,0.5719,positive,positive,0.9998637437820435,1,Other
1e3e6da6-3485-42a0-bad9-33ae040acb12,viry good,viry good,"['viry', 'good']",5,2025-10-29,Dashen Bank,0.4404,positive,positive,0.9997873902320862,1,Other
163201b7-323d-4462-850b-c8453dfcb4cf,"Dashen Bank Super App is incredibly convenient! Easy to use, fast, and reliable – a great app to manage everything in one place.",super incredibly convenient easy use fast reliable great manage everything one place,"['super', 'incredibly', 'convenient', 'easy', 'use', 'fast', 'reliable', 'great', 'manage', 'everything', 'one', 'place']",5,2025-10-29,Dashen Bank,0.9094,positive,positive,0.9995148181915283,1,Other
57912538-8398-4446-95f5-85a0c28e7a98,it is the worst app ever istg 🤮🤮🤮,worst ever istg,"['worst', 'ever', 'istg']",1,2025-10-29,Dashen Bank,-0.6249,negative,negative,0.9997962117195129,-1,Other
593462a4-2b65-4980-a492-9eeef5f116ca,"Dashen Super App is a game-changer with its sleek, user-friendly interface. Lightning-fast responses and seamless navigation make every task a breeze. Love the organized layout and clear features that save time daily. Fantastic work—highly recommended for effortless banking!",super gamechanger sleek userfriendly interface lightningfast response seamless navigation make every task breeze love organized layout clear feature save time daily fantastic recommended effortless banking,"['super', 'gamechanger', 'sleek', 'userfriendly', 'interface', 'lightningfast', 'response', 'seamless', 'navigation', 'make', 'every', 'task', 'breeze', 'love', 'organized', 'layout', 'clear', 'feature', 'save', 'time', 'daily', 'fantastic', 'recommended', 'effortless', 'banking']",5,2025-10-28,Dashen Bank,0.9617,positive,positive,0.9998281002044678,1,"Customer Support, Feature Requests, UI / UX"
c68cdc01-a66b-40fe-a6b7-cbb1487156f4,"The design is clean and modern, and everything works smoothly without bugs. I love how reliable the app is it makes banking so convenient.",design clean modern everything work smoothly without bug love reliable make banking convenient,"['design', 'clean', 'modern', 'everything', 'work', 'smoothly', 'without', 'bug', 'love', 'reliable', 'make', 'banking', 'convenient']",5,2025-10-28,Dashen Bank,-0.17,negative,positive,0.9996851682662964,1,"Crashes & Bugs, UI / UX"
be6dc291-6fb0-427b-8553-d735553e3313,"A true banking super app! The Dashen Super App combines great design, security, and an impressive range of features. Highly recommended for anyone looking for a complete digital banking experience.",true banking super super combine great design security impressive range feature highly recommended anyone looking complete digital banking experience,"['true', 'banking', 'super', 'super', 'combine', 'great', 'design', 'security', 'impressive', 'range', 'feature', 'highly', 'recommended', 'anyone', 'looking', 'complete', 'digital', 'banking', 'experience']",5,2025-10-28,Dashen Bank,0.9712,positive,positive,0.9998050332069397,1,"Feature Requests, Security & Fraud, UI / UX"
9f1611c8-4469-40f3-9b6e-2736c5c13f4e,"​I appreciate that this app allowed me to access multiple services in one centralized place. Thank you, Dashen Bank!",appreciate allowed access multiple service one centralized place thank,"['appreciate', 'allowed', 'access', 'multiple', 'service', 'one', 'centralized', 'place', 'thank']",5,2025-10-28,Dashen Bank,0.6696,positive,positive,0.9994890689849854,1,Customer Support
db4710e2-0fb3-459c-a3a5-69445d4cb270,"This app makes my day-to-day payments so easy. Everything works perfectly, and it saves me a lot of time.",make daytoday payment easy everything work perfectly save lot time,"['make', 'daytoday', 'payment', 'easy', 'everything', 'work', 'perfectly', 'save', 'lot', 'time']",5,2025-10-28,Dashen Bank,0.8377,positive,positive,0.9997445940971375,1,Payments & Cards
6cbe56f6-0aff-4ee7-a7fe-2c1ccf6244e4,It’s impressive how consistently the app is improving. I’ve been using it for months and they have improved a lot in terms of not only beauty but also performance wise.,impressive consistently improving using month improved lot term beauty also performance wise,"['impressive', 'consistently', 'improving', 'using', 'month', 'improved', 'lot', 'term', 'beauty', 'also', 'performance', 'wise']",5,2025-10-28,Dashen Bank,0.8028,positive,positive,0.9998210072517395,1,Other
5b430dc9-06e5-4015-a4cb-7c671ff8ae9c,This app has replaced several others for me. It has everything I need in one place.,replaced several others everything need one place,"['replaced', 'several', 'others', 'everything', 'need', 'one', 'place']",5,2025-10-28,Dashen Bank,0.0,neutral,positive,0.8051273226737976,1,Other
1ee92e14-11e6-4db1-8a6c-a627e42c2089,"The app has evolved impressively over time. The latest release adds dark and light modes that enhance usability and design. It’s intuitive, modern, and clearly built with the user in mind — setting a new benchmark for digital banking.",evolved impressively time latest release add dark light mode enhance usability design intuitive modern clearly built user mind setting new benchmark digital banking,"['evolved', 'impressively', 'time', 'latest', 'release', 'add', 'dark', 'light', 'mode', 'enhance', 'usability', 'design', 'intuitive', 'modern', 'clearly', 'built', 'user', 'mind', 'setting', 'new', 'benchmark', 'digital', 'banking']",5,2025-10-28,Dashen Bank,0.6908,positive,positive,0.9997574687004089,1,"Account Access, Feature Requests, UI / UX"
211b2b4d-826d-4192-9fa8-25d7e38c7666,"Dashen superapp just keeps improving. The new theme options are beautiful, and the overall experience is faster and smoother than ever",superapp keep improving new theme option beautiful overall experience faster smoother ever,"['superapp', 'keep', 'improving', 'new', 'theme', 'option', 'beautiful', 'overall', 'experience', 'faster', 'smoother', 'ever']",5,2025-10-28,Dashen Bank,0.7717,positive,positive,0.9997761845588684,1,Other
3677b2d7-95ab-4c95-87af-ef1d3edb674e,I have been using this app for months and its easy to use and is user friendly thanks Dashen bank.,using month easy use user friendly thanks,"['using', 'month', 'easy', 'use', 'user', 'friendly', 'thanks']",5,2025-10-28,Dashen Bank,0.8402,positive,positive,0.9983078241348267,1,UI / UX
90d2468b-101a-4006-ae49-d07185b49594,"Finally, banking made simple! Everything I need is in one super app. A true game changer for managing my finances on the go.",finally banking made simple everything need one super true game changer managing finance go,"['finally', 'banking', 'made', 'simple', 'everything', 'need', 'one', 'super', 'true', 'game', 'changer', 'managing', 'finance', 'go']",5,2025-10-28,Dashen Bank,0.7901,positive,positive,0.998018741607666,1,Other
ddeb6fa8-f5c7-46d1-b75d-914ce9f0c460,"I’ve been using the the App, and it’s been working really well for my daily transactions. Good work 👌",using working really well daily transaction good work,"['using', 'working', 'really', 'well', 'daily', 'transaction', 'good', 'work']",5,2025-10-28,Dashen Bank,0.6478,positive,positive,0.9996919631958008,1,Other
5c592442-a2c0-4290-95d8-93a1362b4f10,"I appreciate how secure this app feels. Every transaction comes with confirmation, and I always get alerts immediately.",appreciate secure feel every transaction come confirmation always get alert immediately,"['appreciate', 'secure', 'feel', 'every', 'transaction', 'come', 'confirmation', 'always', 'get', 'alert', 'immediately']",5,2025-10-28,Dashen Bank,0.6249,positive,positive,0.9954239726066589,1,Security & Fraud
8cd152ac-79ad-4248-8a85-574943011aa6,I love the new dark theme it gives the app modern feel n make it more comfortable to use,love new dark theme give modern feel n make comfortable use,"['love', 'new', 'dark', 'theme', 'give', 'modern', 'feel', 'n', 'make', 'comfortable', 'use']",5,2025-10-28,Dashen Bank,0.8313,positive,positive,0.9994518160820007,1,Other
9188bb05-84eb-4c73-a234-31c0b5d503b7,"This is amazing app, as it name ,truly supper.",amazing name truly supper,"['amazing', 'name', 'truly', 'supper']",5,2025-10-28,Dashen Bank,0.7717,positive,positive,0.9998388290405273,1,Other
0d789c56-bdf8-489e-8f96-c6508734fade,This is one of the most user friendly and impressive apps I have encountered in the banking sector,one user friendly impressive apps encountered banking sector,"['one', 'user', 'friendly', 'impressive', 'apps', 'encountered', 'banking', 'sector']",5,2025-10-28,Dashen Bank,0.7769,positive,positive,0.9997900128364563,1,UI / UX
86b26648-6711-4439-a44d-55e9aa090353,"Amazing UI and UX, the dark mode looks absolutely awesome!",amazing ui ux dark mode look absolutely awesome,"['amazing', 'ui', 'ux', 'dark', 'mode', 'look', 'absolutely', 'awesome']",5,2025-10-28,Dashen Bank,0.8585,positive,positive,0.9998499155044556,1,"Feature Requests, UI / UX"
3628b279-490b-4784-a3ce-d776a20e1bd5,The updated design looks amazing. I really appreciate being able to switch between dark and light mode it’s a small change that makes a big difference!,updated design look amazing really appreciate able switch dark light mode small change make big difference,"['updated', 'design', 'look', 'amazing', 'really', 'appreciate', 'able', 'switch', 'dark', 'light', 'mode', 'small', 'change', 'make', 'big', 'difference']",5,2025-10-28,Dashen Bank,0.7955,positive,positive,0.9998763799667358,1,"Feature Requests, UI / UX"
9dd2a5b8-d258-4f07-b8ef-c95c4d1e3a23,Astonishing interface with ease of access and complete performance,astonishing interface ease access complete performance,"['astonishing', 'interface', 'ease', 'access', 'complete', 'performance']",5,2025-10-28,Dashen Bank,0.3612,positive,positive,0.9997556805610657,1,UI / UX
29976e59-78c6-40e6-bc2a-6ba6e9959a09,"I rarely leave reviews, but this app truly deserves one. It’s efficient, secure, and makes financial tasks effortless. Definitely a 5-star experience",rarely leave review truly deserves one efficient secure make financial task effortless definitely star experience,"['rarely', 'leave', 'review', 'truly', 'deserves', 'one', 'efficient', 'secure', 'make', 'financial', 'task', 'effortless', 'definitely', 'star', 'experience']",5,2025-10-28,Dashen Bank,0.9357,positive,positive,0.9997450709342957,1,Security & Fraud
99b53c3c-9074-448a-8dd4-4d0ecf85e835,stunning UI with reliable service!,stunning ui reliable service,"['stunning', 'ui', 'reliable', 'service']",5,2025-10-28,Dashen Bank,0.4389,positive,positive,0.9997430443763733,1,"Customer Support, UI / UX"
74f35e55-6ee7-4d01-bc8a-e5b3c92a6b70,"Super Up is the ultimate digital banking app, living up to its name with speed, efficiency, and innovation. Designed for a seamless experience, it offers lightning-fast transactions, top-tier security, and effortless financial management. With Super Up, banking has never been this smooth, smart, and super!",super ultimate digital banking living name speed efficiency innovation designed seamless experience offer lightningfast transaction toptier security effortless financial management super banking never smooth smart super,"['super', 'ultimate', 'digital', 'banking', 'living', 'name', 'speed', 'efficiency', 'innovation', 'designed', 'seamless', 'experience', 'offer', 'lightningfast', 'transaction', 'toptier', 'security', 'effortless', 'financial', 'management', 'super', 'banking', 'never', 'smooth', 'smart', 'super']",5,2025-10-27,Dashen Bank,0.969,positive,positive,0.9995073080062866,1,"Security & Fraud, UI / UX"
5cf2f96d-65d1-4c59-bc53-9ba932c4c57b,"The UI is impressive, but adding an ATM withdrawal feature for cardless cash access would enhance functionality. This may require updates to the ATM system as well. Please consider this, dev team.",ui impressive adding atm withdrawal feature cardless cash access would enhance functionality may require update atm system well please consider dev team,"['ui', 'impressive', 'adding', 'atm', 'withdrawal', 'feature', 'cardless', 'cash', 'access', 'would', 'enhance', 'functionality', 'may', 'require', 'update', 'atm', 'system', 'well', 'please', 'consider', 'dev', 'team']",4,2025-10-22,Dashen Bank,0.7845,positive,positive,0.8331389427185059,1,"Feature Requests, Payments & Cards, UI / UX"
f7a77123-8426-440e-afa9-d3e7a0bcc8fd,convinent,convinent,['convinent'],5,2025-10-22,Dashen Bank,0.0,neutral,negative,0.9798853993415833,-1,Other
dd62498b-d256-495f-8251-683626113991,it is Excellent April jest continue more abeaten.....,excellent april jest continue abeaten,"['excellent', 'april', 'jest', 'continue', 'abeaten']",4,2025-10-19,Dashen Bank,0.5719,positive,positive,0.9983513355255127,1,Other
b5cdf35c-3557-4d24-b745-5fba84d615d9,I like it,like,['like'],5,2025-10-18,Dashen Bank,0.3612,positive,positive,0.9998593330383301,1,Other
33904fae-7879-41ca-be3c-4404345cece6,abdrug bentahuuuu,abdrug bentahuuuu,"['abdrug', 'bentahuuuu']",3,2025-10-17,Dashen Bank,0.0,neutral,negative,0.7569702863693237,-1,Other
32334fdd-91e8-4308-a104-bd3291119b05,"Dashen SuperApp is the worst app for me because it consistently fails during transfers. When I try to send money, the transaction freezes for extended periods—sometimes a full day, and often two or three days or more. Crucially, the funds are neither delivered to the recipient nor immediately refunded to my account, which is incredibly frustrating and makes me feel like I've lost my money. The app urgently needs a technical update to ensure transactions process smoothly and reliably.",superapp worst consistently fails transfer try send money transaction freeze extended full day often two three day crucially fund neither delivered recipient immediately refunded account incredibly frustrating make feel like ive lost money urgently need technical update ensure transaction process smoothly reliably,"['superapp', 'worst', 'consistently', 'fails', 'transfer', 'try', 'send', 'money', 'transaction', 'freeze', 'extended', 'full', 'day', 'often', 'two', 'three', 'day', 'crucially', 'fund', 'neither', 'delivered', 'recipient', 'immediately', 'refunded', 'account', 'incredibly', 'frustrating', 'make', 'feel', 'like', 'ive', 'lost', 'money', 'urgently', 'need', 'technical', 'update', 'ensure', 'transaction', 'process', 'smoothly', 'reliably']",1,2025-10-14,Dashen Bank,-0.8122,negative,negative,0.9998059868812561,-1,"Crashes & Bugs, Feature Requests, Transaction Performance"
8921bc6d-74d6-4680-a63e-e57e70ea4b68,Best application,best application,"['best', 'application']",5,2025-10-14,Dashen Bank,0.6369,positive,positive,0.9998098015785217,1,Other
7426cf04-4823-4217-9cb9-1ba06be0f137,easy,easy,['easy'],5,2025-10-14,Dashen Bank,0.4404,positive,positive,0.9972309470176697,1,Other
ac57d562-3e2e-476a-a7fa-5433d1ed321e,lmo,lmo,['lmo'],5,2025-10-13,Dashen Bank,0.0,neutral,positive,0.9923747181892395,1,Other
e20159de-996c-4fc5-9474-e63518140932,meseret birara,meseret birara,"['meseret', 'birara']",5,2025-10-12,Dashen Bank,0.0,neutral,negative,0.7238972187042236,-1,Other
86f17281-1a7a-4ae7-be9f-c2130ab31b88,it doesn't let me open my account,doesnt let open account,"['doesnt', 'let', 'open', 'account']",1,2025-10-12,Dashen Bank,0.0,neutral,negative,0.96430903673172,-1,Other
295d2079-821b-4b20-aaf4-736ba7cb2677,very good,good,['good'],1,2025-10-11,Dashen Bank,0.4927,positive,positive,0.9998520612716675,1,Other
78a694a1-8f38-4796-a4fc-0310a8c0a031,it is the best,best,['best'],5,2025-10-11,Dashen Bank,0.6369,positive,positive,0.9998602867126465,1,Other
71b44fde-a457-4a5d-bd21-cee994689ee2,nice and best,nice best,"['nice', 'best']",5,2025-10-10,Dashen Bank,0.7906,positive,positive,0.9998648166656494,1,Other
a4024312-1bfc-4942-bab2-89a8800248ff,Finish the app development fully before you give the final result. It's is very inconvenient and not that reliable at the moment.,finish development fully give final result inconvenient reliable moment,"['finish', 'development', 'fully', 'give', 'final', 'result', 'inconvenient', 'reliable', 'moment']",1,2025-10-08,Dashen Bank,-0.4005,negative,negative,0.9998096823692322,-1,Other
530dd237-64b5-4402-812f-39790e254ca7,hayelu Beranu Bashre,hayelu beranu bashre,"['hayelu', 'beranu', 'bashre']",5,2025-10-07,Dashen Bank,0.0,neutral,positive,0.9403011202812195,1,Other
1b877d16-56c5-4310-ab75-0f9e6491b679,👎👎👎👎👎👎👎👎 connection not fast,connection fast,"['connection', 'fast']",5,2025-10-07,Dashen Bank,0.0,neutral,negative,0.9885033965110779,-1,Other
fded7d2d-d728-45d8-bbff-d921bb72b84c,"@Shewangizaw L. As a heavy user of the app , the issue you raised around resetting pass pin concerned me and gave it a try and found it to be safe. Basically the app will do two things: verifies one using an otp and then requires an in-person visit to bank's physical branch for final verification after resetting the password. Therefore, safe to use! I wish ""i""nformational tip was added around the reset button. Could not attach screenshot.",shewangizaw l heavy user issue raised around resetting pas pin concerned gave try found safe basically two thing verifies one using otp requires inperson visit bank physical branch final verification resetting password therefore safe use wish informational tip added around reset button could attach screenshot,"['shewangizaw', 'l', 'heavy', 'user', 'issue', 'raised', 'around', 'resetting', 'pas', 'pin', 'concerned', 'gave', 'try', 'found', 'safe', 'basically', 'two', 'thing', 'verifies', 'one', 'using', 'otp', 'requires', 'inperson', 'visit', 'bank', 'physical', 'branch', 'final', 'verification', 'resetting', 'password', 'therefore', 'safe', 'use', 'wish', 'informational', 'tip', 'added', 'around', 'reset', 'button', 'could', 'attach', 'screenshot']",4,2025-10-06,Dashen Bank,0.8313,positive,negative,0.9973627924919128,-1,"Account Access, Customer Support, Feature Requests, UI / UX"
dc05323e-52e8-456d-b11d-723ad497bb76,perfect,perfect,['perfect'],5,2025-10-06,Dashen Bank,0.5719,positive,positive,0.9998517036437988,1,Other
8a4c8a02-5cf7-48f5-a9c6-b9dc12a9bd4f,for dashen bankk it is best app so why your bank onlyu one one app for mobile banking that means superr app,bankk best onlyu one one mobile banking mean superr,"['bankk', 'best', 'onlyu', 'one', 'one', 'mobile', 'banking', 'mean', 'superr']",5,2025-10-05,Dashen Bank,0.6369,positive,negative,0.7281894087791443,-1,Other
b8460ed9-6fc3-4641-8e95-169ed65ef8ee,wow,wow,['wow'],5,2025-10-04,Dashen Bank,0.5859,positive,positive,0.999592125415802,1,Other
57d4668e-fea7-4959-9bfa-94ef44056c71,tadesa melka tulluu,tadesa melka tulluu,"['tadesa', 'melka', 'tulluu']",1,2025-10-04,Dashen Bank,0.0,neutral,negative,0.9457597136497498,-1,Other
98f164eb-f69b-4bd7-ad2d-defcfa2249a1,I can't open virtual account.I have been trying it for about 3 days still no resolve.,cant open virtual accounti trying day still resolve,"['cant', 'open', 'virtual', 'accounti', 'trying', 'day', 'still', 'resolve']",2,2025-10-04,Dashen Bank,0.1027,positive,negative,0.9991094470024109,-1,Other
4405edcc-29c2-4606-9119-32fd60425503,App is passive when compare to Amole it takes 3-5 seconds to open and i cannot refresh transactions what i did.,passive compare amole take second open refresh transaction,"['passive', 'compare', 'amole', 'take', 'second', 'open', 'refresh', 'transaction']",1,2025-10-03,Dashen Bank,0.2023,positive,negative,0.9987977743148804,-1,Other
29cefc71-17c5-4da9-b52d-14ea873c14fc,withdraw,withdraw,['withdraw'],1,2025-10-02,Dashen Bank,0.0,neutral,negative,0.99894779920578,-1,Payments & Cards
befc23dd-22be-4039-ab16-311ebf096360,It takes gazillion years to open 😶,take gazillion year open,"['take', 'gazillion', 'year', 'open']",3,2025-10-02,Dashen Bank,0.0,neutral,negative,0.9909952282905579,-1,Other
fe52deb6-a04e-457e-a84a-4946e5c13f89,this app is outstanding,outstanding,['outstanding'],5,2025-10-01,Dashen Bank,0.6124,positive,positive,0.9998713731765747,1,Other
ca1bd0cc-d7e8-461f-89c9-f7493cb9c23d,totally bad,totally bad,"['totally', 'bad']",1,2025-10-01,Dashen Bank,-0.5849,negative,negative,0.9997747540473938,-1,Other
8fcb61bb-c476-4963-9ce7-8520c21fdb32,I really appreciate but we can't use it if don't have balance or data access,really appreciate cant use dont balance data access,"['really', 'appreciate', 'cant', 'use', 'dont', 'balance', 'data', 'access']",2,2025-10-01,Dashen Bank,0.2492,positive,negative,0.9886035919189453,-1,Other
e7f1ebae-d2de-4e91-a920-92d2b5df4c3d,nice app,nice,['nice'],5,2025-09-30,Dashen Bank,0.4215,positive,positive,0.9998061060905457,1,Other
c7f14167-31f9-4fec-bf3e-5997616a9dfe,it fast service,fast service,"['fast', 'service']",5,2025-09-29,Dashen Bank,0.0,neutral,positive,0.999433696269989,1,Customer Support
04461449-8fd8-4684-8b12-1bc3aee7f6f2,"Good improvements after the Sep 25, 2025 update.",good improvement sep update,"['good', 'improvement', 'sep', 'update']",4,2025-09-29,Dashen Bank,0.6369,positive,positive,0.9994186162948608,1,Feature Requests
9a6e8134-27c5-45f1-8dae-6c6fb1827281,I have one issue though what if the mobile phone with the sim is stolen and have no pattern or pin. The app allows to reset the pin directly without 2FA like finger print just by sending sms. which is a big gap. It should be addressed I didn't expect but it does and no trust at all.,one issue though mobile phone sim stolen pattern pin allows reset pin directly without fa like finger print sending sm big gap addressed didnt expect trust,"['one', 'issue', 'though', 'mobile', 'phone', 'sim', 'stolen', 'pattern', 'pin', 'allows', 'reset', 'pin', 'directly', 'without', 'fa', 'like', 'finger', 'print', 'sending', 'sm', 'big', 'gap', 'addressed', 'didnt', 'expect', 'trust']",1,2025-09-28,Dashen Bank,-0.1543,negative,negative,0.9984353184700012,-1,"Account Access, Feature Requests"
08a896dd-2fa2-481f-ba8d-53e773c2ebe0,I love it 👍,love,['love'],5,2025-09-28,Dashen Bank,0.6369,positive,positive,0.9998791217803955,1,Other
f6eb5502-78e4-4092-8135-5f350dc7947c,Best,best,['best'],5,2025-09-28,Dashen Bank,0.6369,positive,positive,0.9997941851615906,1,Other
148f9fa2-0406-42c0-a3ca-d4e80633c6c8,gooe,gooe,['gooe'],5,2025-09-28,Dashen Bank,0.0,neutral,negative,0.9992986917495728,-1,Other
a2779b7b-ad8d-420f-a4d4-d1e4ec4212d8,Dashen super app is the best all ethiopian banks keep it,super best ethiopian bank keep,"['super', 'best', 'ethiopian', 'bank', 'keep']",5,2025-09-27,Dashen Bank,0.8442,positive,positive,0.9997637867927551,1,Other
8d1ad519-2698-4fcf-b4d5-bf45bf22cc37,cool app,cool,['cool'],5,2025-09-27,Dashen Bank,0.3182,positive,positive,0.999824583530426,1,Other
90dfd168-3d83-4e21-87ee-6500a304e586,App That makes cashless society in our century and Easy to use.,make cashless society century easy use,"['make', 'cashless', 'society', 'century', 'easy', 'use']",5,2025-09-27,Dashen Bank,0.4404,positive,positive,0.9961215853691101,1,Other
24c09146-a504-429e-a1fe-9ffb57e044ad,tadass,tadass,['tadass'],1,2025-09-27,Dashen Bank,0.0,neutral,negative,0.9969047904014587,-1,Other
32f7f582-e0e2-4127-b460-8faa11fc3ba1,It is an amazing app and all in one,amazing one,"['amazing', 'one']",5,2025-09-27,Dashen Bank,0.5859,positive,positive,0.9998719692230225,1,Other
a508c79d-95b9-4133-a32b-095e1bf3c75c,i dont like it,dont like,"['dont', 'like']",1,2025-09-27,Dashen Bank,-0.2755,negative,negative,0.9909656047821045,-1,Other
79e31cae-3560-497e-af19-327dd7ee607f,Dashen is the Future,future,['future'],5,2025-09-27,Dashen Bank,0.0,neutral,positive,0.9976993203163147,1,Other
a79e878a-c8c3-4933-9eb3-8a2fa41911a3,the best version in 🇪🇹,best version,"['best', 'version']",5,2025-09-27,Dashen Bank,0.6369,positive,positive,0.999782145023346,1,Other
e0b1cd75-ae0c-4424-aa2c-49c5c848c96a,excellent,excellent,['excellent'],5,2025-09-26,Dashen Bank,0.5719,positive,positive,0.9998434782028198,1,Other
811f3549-2ca4-43f3-b03a-f0aff42e4b37,"its amazing app, visually stunning",amazing visually stunning,"['amazing', 'visually', 'stunning']",5,2025-09-26,Dashen Bank,0.7506,positive,positive,0.9998769760131836,1,Other
e687285e-63ca-4319-bd69-a8a7f1029943,"Updates every time 🥲, when it's updated, it doesn't work at all. 😭",update every time updated doesnt work,"['update', 'every', 'time', 'updated', 'doesnt', 'work']",1,2025-09-26,Dashen Bank,0.0,neutral,negative,0.9995762705802917,-1,Feature Requests
08d88ef0-1304-4fb7-9cb4-97977dc02cf7,the best app from other dashen is unique its fast app ever i had in my life,best unique fast ever life,"['best', 'unique', 'fast', 'ever', 'life']",5,2025-09-26,Dashen Bank,0.6369,positive,positive,0.9998315572738647,1,Other
0ad08d24-eefb-44bb-91c2-49266c0850ce,I love the new user interface,love new user interface,"['love', 'new', 'user', 'interface']",5,2025-09-26,Dashen Bank,0.6369,positive,positive,0.9998557567596436,1,UI / UX
3323ffef-d180-4eb7-b358-7f00cb41d9fc,"Appreciated, Always one step ahead!",appreciated always one step ahead,"['appreciated', 'always', 'one', 'step', 'ahead']",5,2025-09-26,Dashen Bank,0.5562,positive,positive,0.9998669624328613,1,Other
264384ce-c57e-4c4b-ad15-434015cb7f49,The app stops working whenever there is an update unless you update the app. But it is better if it kept working on and updating should be optional.,stop working whenever update unless update better kept working updating optional,"['stop', 'working', 'whenever', 'update', 'unless', 'update', 'better', 'kept', 'working', 'updating', 'optional']",3,2025-09-26,Dashen Bank,0.5499,positive,negative,0.9990849494934082,-1,Feature Requests
29207dce-824f-4d9c-9f01-040a65597a9e,"This is the first time i have experienced this much cool app out of all the other mobile banking platforms, im genuinely happy to see this kind of app here, tnx",first time experienced much cool mobile banking platform im genuinely happy see kind tnx,"['first', 'time', 'experienced', 'much', 'cool', 'mobile', 'banking', 'platform', 'im', 'genuinely', 'happy', 'see', 'kind', 'tnx']",5,2025-09-26,Dashen Bank,0.7964,positive,positive,0.9997037053108215,1,UI / UX
5e5900f0-cc81-40b6-a5ea-5dfd29d8b53c,it can't do without data or wifi,cant without data wifi,"['cant', 'without', 'data', 'wifi']",1,2025-09-26,Dashen Bank,0.0,neutral,negative,0.8546764850616455,-1,Other
2d3661c7-4b35-4a79-9428-5db3ad5109c7,"The best UI banking app from all those I used, other Ethiopian banks I used have a really old UI. This is very neat and easy to use. Also so reliable.",best ui banking used ethiopian bank used really old ui neat easy use also reliable,"['best', 'ui', 'banking', 'used', 'ethiopian', 'bank', 'used', 'really', 'old', 'ui', 'neat', 'easy', 'use', 'also', 'reliable']",5,2025-09-26,Dashen Bank,0.8923,positive,positive,0.9996398687362671,1,UI / UX
097ae6ec-2562-45ae-9ee4-7276f48ba81b,So nice !,nice,['nice'],5,2025-09-26,Dashen Bank,0.5244,positive,positive,0.9998644590377808,1,Other
474cda36-39b1-4257-939a-0ec2255554d2,What's the problem with this app's that asking for updates on a daily basis?,whats problem apps asking update daily basis,"['whats', 'problem', 'apps', 'asking', 'update', 'daily', 'basis']",1,2025-09-25,Dashen Bank,-0.4019,negative,negative,0.9996622800827026,-1,Feature Requests
3a8dbeb7-0952-43ec-847e-bd418d51548e,"Wow, I really loved the new UI/UX! Great job, Dashen Bank! You guys are the best mobile banking in Ethiopia.",wow really loved new uiux great job guy best mobile banking ethiopia,"['wow', 'really', 'loved', 'new', 'uiux', 'great', 'job', 'guy', 'best', 'mobile', 'banking', 'ethiopia']",5,2025-09-25,Dashen Bank,0.9576,positive,positive,0.9998483657836914,1,UI / UX
40a0e280-55e4-4e97-9e26-4d5e832ba045,excellent UI improvement 💯💯,excellent ui improvement,"['excellent', 'ui', 'improvement']",5,2025-09-24,Dashen Bank,0.7717,positive,positive,0.9994623064994812,1,UI / UX
2a02cd63-90c4-4590-a2f8-20c4c75ceb3e,one of the best app in Ethiopia .,one best ethiopia,"['one', 'best', 'ethiopia']",5,2025-09-24,Dashen Bank,0.6369,positive,positive,0.999811589717865,1,Other
3cd71306-b6a6-448e-b4eb-1db85695e9a7,great app,great,['great'],5,2025-09-23,Dashen Bank,0.6249,positive,positive,0.999821126461029,1,Other
46d39a4d-52de-4a73-9146-654d971ffb71,it is good but some times says duplicate transaction why? and text,good time say duplicate transaction text,"['good', 'time', 'say', 'duplicate', 'transaction', 'text']",5,2025-09-23,Dashen Bank,0.2382,positive,negative,0.9683176279067993,-1,Other
7d98b3cf-3b2e-4446-855f-242d537d7e86,The worst app. It needs updating everyday. Ouch 🤕,worst need updating everyday ouch,"['worst', 'need', 'updating', 'everyday', 'ouch']",1,2025-09-19,Dashen Bank,-0.6249,negative,negative,0.9998214840888977,-1,Other
6cd59c87-dcb4-4bd7-9d02-76ca304d2172,safe and secure,safe secure,"['safe', 'secure']",3,2025-09-18,Dashen Bank,0.6486,positive,positive,0.9998433589935303,1,Security & Fraud
70df55ba-42e4-4f41-be80-692d2b7a9e48,"is not working right now with snmsung galaxy f15, please help me",working right snmsung galaxy f please help,"['working', 'right', 'snmsung', 'galaxy', 'f', 'please', 'help']",1,2025-09-14,Dashen Bank,0.6124,positive,negative,0.9993507266044617,-1,Customer Support
e0770686-7f6d-4168-8b14-6d5a6084fd32,Your staffs are really hardworking but the app is not like your employees,staff really hardworking like employee,"['staff', 'really', 'hardworking', 'like', 'employee']",3,2025-09-12,Dashen Bank,-0.395,negative,negative,0.9945451021194458,-1,Other
41373a3e-ab62-412b-9857-5c3e02115fdb,total,total,['total'],5,2025-09-11,Dashen Bank,0.0,neutral,positive,0.9983637928962708,1,Other
95e30d8e-42d6-4595-b1b3-95186c1bcb8c,dashen super app is the best,super best,"['super', 'best']",5,2025-09-10,Dashen Bank,0.8442,positive,positive,0.9998204112052917,1,Other
8d28d679-b22a-4f59-9d90-a69f077f47d5,not werke,werke,['werke'],2,2025-09-08,Dashen Bank,0.0,neutral,negative,0.9970670342445374,-1,Other
a71c88cf-7021-4ba7-b000-46587677601f,what happened to dashen bank? this is by far the worst banking app. extremely slow when it works and is out of service all the time,happened far worst banking extremely slow work service time,"['happened', 'far', 'worst', 'banking', 'extremely', 'slow', 'work', 'service', 'time']",1,2025-09-08,Dashen Bank,-0.6249,negative,negative,0.9998086094856262,-1,"Customer Support, Transaction Performance"
c301bf47-7446-4873-a515-514bb4be2ba3,simple and easy to use,simple easy use,"['simple', 'easy', 'use']",5,2025-09-08,Dashen Bank,0.4404,positive,positive,0.9997318387031555,1,Other
16466231-7a4d-4683-90cf-ae171a9904e1,meke,meke,['meke'],4,2025-09-07,Dashen Bank,0.0,neutral,positive,0.9576797485351562,1,Other
bab597bd-52e5-42da-aa02-97cd368d8c0e,"not a great app compared to the others ,It freezes randomly ,Takes a lot to load ,and a lot of errors while sending money ,I stopped using it",great compared others freeze randomly take lot load lot error sending money stopped using,"['great', 'compared', 'others', 'freeze', 'randomly', 'take', 'lot', 'load', 'lot', 'error', 'sending', 'money', 'stopped', 'using']",1,2025-09-07,Dashen Bank,-0.7713,negative,negative,0.9997312426567078,-1,Crashes & Bugs
6da6a076-6a01-4e58-b8aa-de2969a2a505,bad specialy at weekends,bad specialy weekend,"['bad', 'specialy', 'weekend']",1,2025-09-07,Dashen Bank,-0.5423,negative,negative,0.999614953994751,-1,Other
59e75889-3000-449d-99f0-8ce02c493466,"I am very disappointed with the Dashin Bank Super App. The app does not allow me to withdraw 50 birr or can't transfer money and even I can't use it to buy airtime. This makes me feel like my 50 birr is no longer my money, but the bank’s money, since I cannot access or use it freely. According to the National Bank of Ethiopia (NBE), the rule is that 100 birr is not withdrawable, but it can be used to buy airtime or transferred to friends. Dashin Bank’s restriction goes beyond this rule and unfa",disappointed dashin super allow withdraw birr cant transfer money even cant use buy airtime make feel like birr longer money money since access use freely according national ethiopia nbe rule birr withdrawable used buy airtime transferred friend dashin restriction go beyond rule unfa,"['disappointed', 'dashin', 'super', 'allow', 'withdraw', 'birr', 'cant', 'transfer', 'money', 'even', 'cant', 'use', 'buy', 'airtime', 'make', 'feel', 'like', 'birr', 'longer', 'money', 'money', 'since', 'access', 'use', 'freely', 'according', 'national', 'ethiopia', 'nbe', 'rule', 'birr', 'withdrawable', 'used', 'buy', 'airtime', 'transferred', 'friend', 'dashin', 'restriction', 'go', 'beyond', 'rule', 'unfa']",1,2025-09-06,Dashen Bank,0.7522,positive,negative,0.9967774748802185,-1,"Payments & Cards, Transaction Performance"
7e5f7745-10ac-412a-aef7-de5474b2e9fd,It is good apps but it needs strong network,good apps need strong network,"['good', 'apps', 'need', 'strong', 'network']",5,2025-09-06,Dashen Bank,0.7506,positive,negative,0.9703445434570312,-1,Other
0fdefc13-faf9-4f32-b5a3-1fed6de3231d,very slow,slow,['slow'],3,2025-09-06,Dashen Bank,0.0,neutral,negative,0.9997065663337708,-1,Transaction Performance
c73641e9-3f90-408c-b7a0-245d95f38059,The app doesn't allow to switch between accounts. Why is it not possible to use two accounts on the same app even if the accounts have been opened at different branch?,doesnt allow switch account possible use two account even account opened different branch,"['doesnt', 'allow', 'switch', 'account', 'possible', 'use', 'two', 'account', 'even', 'account', 'opened', 'different', 'branch']",2,2025-09-06,Dashen Bank,-0.1695,negative,negative,0.9970771074295044,-1,Payments & Cards
d61f7d9d-2a92-4fbb-9a72-950597e42414,lacag inaad amaahisan somalida maxaad ku diiden,lacag inaad amaahisan somalida maxaad ku diiden,"['lacag', 'inaad', 'amaahisan', 'somalida', 'maxaad', 'ku', 'diiden']",5,2025-09-05,Dashen Bank,0.0,neutral,negative,0.974568247795105,-1,Other
3630822b-a561-49cd-ba3e-689548d61e5d,Dashin mobile banking is become worest app like others Ethiopian bank apps. Amole was the best app ever I used. It was so flexible & reliable to use. and the best app user can login with new device without go to bank physically.,dashin mobile banking become worest like others ethiopian apps amole best ever used flexible reliable use best user login new device without go physically,"['dashin', 'mobile', 'banking', 'become', 'worest', 'like', 'others', 'ethiopian', 'apps', 'amole', 'best', 'ever', 'used', 'flexible', 'reliable', 'use', 'best', 'user', 'login', 'new', 'device', 'without', 'go', 'physically']",1,2025-09-05,Dashen Bank,0.9245,positive,positive,0.9979987740516663,1,"Account Access, Customer Support"
cb7e6779-3210-43c2-914c-4c80ba6e9aac,"The app has potential, but the QR payment feature is disappointing. The scanner doesn’t work, and even though there’s an option to select a QR code from the gallery, it doesn’t function either. This makes paying with QR codes almost impossible. Fixing this would really improve the app.",potential qr payment feature disappointing scanner work even though option select qr code gallery function either make paying qr code almost impossible fixing would really improve,"['potential', 'qr', 'payment', 'feature', 'disappointing', 'scanner', 'work', 'even', 'though', 'option', 'select', 'qr', 'code', 'gallery', 'function', 'either', 'make', 'paying', 'qr', 'code', 'almost', 'impossible', 'fixing', 'would', 'really', 'improve']",3,2025-09-04,Dashen Bank,-0.0027,neutral,negative,0.999657154083252,-1,"Feature Requests, Payments & Cards"
0a5e77d2-0b8d-4777-8c63-de906861a90a,"very slow and failed transaction multiple times, previous app was much better!!",slow failed transaction multiple time previous much better,"['slow', 'failed', 'transaction', 'multiple', 'time', 'previous', 'much', 'better']",2,2025-09-04,Dashen Bank,-0.3066,negative,negative,0.9980061650276184,-1,"Crashes & Bugs, Transaction Performance"
43570631-796b-4cde-b270-d28598b619e3,great 👍,great,['great'],5,2025-09-02,Dashen Bank,0.6249,positive,positive,0.9997692704200745,1,Other
ae6c7ac5-400e-4bc5-ab19-713020fd9797,"""super Idiot app"" 1.it forced me to off many of my phone settings like developers option. 2.Never works fastly. 3.It needs multiple click. 4. Doesn't notify if received money & many many more *** The worst mobile app ever expanded***",super idiot forced many phone setting like developer option never work fastly need multiple click doesnt notify received money many many worst mobile ever expanded,"['super', 'idiot', 'forced', 'many', 'phone', 'setting', 'like', 'developer', 'option', 'never', 'work', 'fastly', 'need', 'multiple', 'click', 'doesnt', 'notify', 'received', 'money', 'many', 'many', 'worst', 'mobile', 'ever', 'expanded']",1,2025-09-01,Dashen Bank,-0.6444,negative,negative,0.9998026490211487,-1,Other
c11e08ae-0eaa-4305-b179-5ff6661514c0,dashin bank,dashin,['dashin'],5,2025-08-30,Dashen Bank,0.0,neutral,positive,0.9924732446670532,1,Other
9516c37a-0f45-4517-8fa7-7bc13ba75598,muhaammad bakko,muhaammad bakko,"['muhaammad', 'bakko']",5,2025-08-30,Dashen Bank,0.0,neutral,negative,0.9322325587272644,-1,Other
26a536fe-385e-4c2c-8a90-020ac58e3ec1,goog,goog,['goog'],5,2025-08-29,Dashen Bank,0.0,neutral,negative,0.9989757537841797,-1,Other
ff71d5f8-bdbf-4b53-a703-ad24bc5eda84,un functional app,un functional,"['un', 'functional']",1,2025-08-29,Dashen Bank,0.0,neutral,negative,0.998763918876648,-1,Other
df2396db-f742-4e8e-9d6b-37fcd9c800c7,trnes far,trnes far,"['trnes', 'far']",5,2025-08-27,Dashen Bank,0.0,neutral,negative,0.6042290925979614,-1,Other
f4f41d65-e12f-46ac-ba8c-1037c95e825a,shimalis,shimalis,['shimalis'],4,2025-08-25,Dashen Bank,0.0,neutral,positive,0.9664985537528992,1,Other
c859d065-d2cd-4c3d-bac1-f8ee0d9b8f18,excellent mobile banking digital,excellent mobile banking digital,"['excellent', 'mobile', 'banking', 'digital']",5,2025-08-24,Dashen Bank,0.5719,positive,positive,0.9998231530189514,1,Other
92f1029b-41d6-4af2-9620-61ad21843f4a,"Excellent, and it's truly a super app!",excellent truly super,"['excellent', 'truly', 'super']",5,2025-08-24,Dashen Bank,0.8955,positive,positive,0.9998637437820435,1,Other
57b15473-6128-4208-8a19-a6b9e78533c8,very nice app,nice,['nice'],5,2025-08-23,Dashen Bank,0.4754,positive,positive,0.9998562335968018,1,Other
6474a971-6e4e-4b4e-b9c2-9afa21954cc7,can't access as will if it's super and can't even access the service when you need it's a big failure,cant access super cant even access service need big failure,"['cant', 'access', 'super', 'cant', 'even', 'access', 'service', 'need', 'big', 'failure']",1,2025-08-22,Dashen Bank,0.1531,positive,negative,0.9997205138206482,-1,"Crashes & Bugs, Customer Support"
a2924856-3267-4ed3-a316-ccf049230f01,seche,seche,['seche'],1,2025-08-22,Dashen Bank,0.0,neutral,positive,0.9675268530845642,1,Other
33152296-977d-48d2-9482-e074f88516e9,very fast bank,fast,['fast'],5,2025-08-22,Dashen Bank,0.0,neutral,positive,0.9985563158988953,1,Other
ad7315bd-61bc-48bb-b21f-4e645373dced,good and well,good well,"['good', 'well']",5,2025-08-22,Dashen Bank,0.6124,positive,positive,0.9998481273651123,1,Other
a78233bc-ff1d-45d7-a4bb-1d5a8d16fc69,what a bank it is,,[],5,2025-08-22,Dashen Bank,0.0,neutral,positive,0.9696677327156067,1,Other
d41dd3e3-b09b-4d1f-a5a2-0caa9f430e37,Dashen Super App contains extended selections for customers and can be easily accessible and also friendly to use.,super contains extended selection customer easily accessible also friendly use,"['super', 'contains', 'extended', 'selection', 'customer', 'easily', 'accessible', 'also', 'friendly', 'use']",2,2025-08-21,Dashen Bank,0.8591,positive,positive,0.9990369081497192,1,Customer Support
f68a700f-5b0f-4863-85d1-c47d70fcc0ed,nic,nic,['nic'],5,2025-08-20,Dashen Bank,0.0,neutral,positive,0.9977141618728638,1,Other
6ee89fcd-d75e-4845-9338-962d8760dc4f,easy to use and the best one,easy use best one,"['easy', 'use', 'best', 'one']",5,2025-08-17,Dashen Bank,0.7964,positive,positive,0.9998494386672974,1,Other
72f788cf-857a-4b95-8aa8-4086764ddf5d,it is totally work of failure. I personally prefer dashen amole instead of this super dull app.,totally work failure personally prefer amole instead super dull,"['totally', 'work', 'failure', 'personally', 'prefer', 'amole', 'instead', 'super', 'dull']",1,2025-08-16,Dashen Bank,-0.1627,negative,negative,0.9997392296791077,-1,Crashes & Bugs
7f13440c-cd7b-416c-9ec0-04afa4de3574,very good app,good,['good'],5,2025-08-16,Dashen Bank,0.4927,positive,positive,0.9998675584793091,1,Other
f00fad5e-14d3-4726-9a82-7655a15a86f4,The worst banking app in Ethiopia. It forces you to change your PIN every three months.,worst banking ethiopia force change pin every three month,"['worst', 'banking', 'ethiopia', 'force', 'change', 'pin', 'every', 'three', 'month']",1,2025-08-16,Dashen Bank,-0.6249,negative,negative,0.999725878238678,-1,Account Access
8151dac5-6706-4c18-b538-5c3882c8b679,best but USSD is necessary,best ussd necessary,"['best', 'ussd', 'necessary']",5,2025-08-15,Dashen Bank,0.3818,positive,positive,0.6782342791557312,1,Other
77f5b29c-a280-491e-a189-9294bb1dcc4b,"one step forward, Ethiopian bank and e commerce industry",one step forward ethiopian e commerce industry,"['one', 'step', 'forward', 'ethiopian', 'e', 'commerce', 'industry']",5,2025-08-15,Dashen Bank,0.0,neutral,positive,0.9985429048538208,1,Other
2f7f02c0-8c37-48a2-880d-da85a2945e1c,still it's essay for user,still essay user,"['still', 'essay', 'user']",4,2025-08-15,Dashen Bank,0.0,neutral,negative,0.8707891702651978,-1,Other
dc9bba76-9134-4fd4-927e-3a0480628f7b,"Great app, unfortunately I struggle to use it from outside Ethiopia. It tells me ""VPN enabled please disable VPN to continue using the app"". And that's happening without any VPN enabled. I think I will need to switch back to CBE because I need access to my bank account globally.",great unfortunately struggle use outside ethiopia tell vpn enabled please disable vpn continue using thats happening without vpn enabled think need switch back need access account globally,"['great', 'unfortunately', 'struggle', 'use', 'outside', 'ethiopia', 'tell', 'vpn', 'enabled', 'please', 'disable', 'vpn', 'continue', 'using', 'thats', 'happening', 'without', 'vpn', 'enabled', 'think', 'need', 'switch', 'back', 'need', 'access', 'account', 'globally']",1,2025-08-15,Dashen Bank,0.4019,positive,negative,0.995208203792572,-1,Other
dc8432b9-7fd6-4ada-9ca6-b632467fcf15,"It was easy enough before. but now it won't even open , why? pls help if possible. The email address you provided under the App support also can't be found by Gmail. pls respond.",easy enough wont even open pls help possible email address provided support also cant found gmail pls respond,"['easy', 'enough', 'wont', 'even', 'open', 'pls', 'help', 'possible', 'email', 'address', 'provided', 'support', 'also', 'cant', 'found', 'gmail', 'pls', 'respond']",3,2025-08-14,Dashen Bank,0.8735,positive,negative,0.9996106028556824,-1,"Customer Support, Feature Requests, Payments & Cards"
5043e566-8cbc-4384-9382-8d929065614e,"There are plenty of features missed e. g electricity bill, water bill payments",plenty feature missed e g electricity bill water bill payment,"['plenty', 'feature', 'missed', 'e', 'g', 'electricity', 'bill', 'water', 'bill', 'payment']",2,2025-08-14,Dashen Bank,-0.296,negative,negative,0.9990180730819702,-1,"Feature Requests, Payments & Cards"
10555b11-1ec4-47e8-991d-eded9941e7e4,great 👍 app,great,['great'],5,2025-08-13,Dashen Bank,0.6249,positive,positive,0.9995050430297852,1,Other
e2db003a-f02a-462f-99e2-3bfc2054a442,"its a very low quality and slow application, very unreliable in times of need",low quality slow application unreliable time need,"['low', 'quality', 'slow', 'application', 'unreliable', 'time', 'need']",1,2025-08-13,Dashen Bank,-0.3384,negative,negative,0.9997575879096985,-1,Transaction Performance
56497937-ddb0-4d03-ad47-0e3d2f1f8c66,very poor and time taking to use,poor time taking use,"['poor', 'time', 'taking', 'use']",1,2025-08-13,Dashen Bank,-0.5256,negative,negative,0.9997921586036682,-1,Other
f9f852e3-ccc8-4a18-b650-7f69acb33c99,it is the best app ever i have seen Dashen bank always one step a head!!!!,best ever seen always one step head,"['best', 'ever', 'seen', 'always', 'one', 'step', 'head']",5,2025-08-13,Dashen Bank,0.7482,positive,positive,0.9996755123138428,1,Other
04b0d391-1cb4-49e3-b18e-b9e24ab9391b,the new version is so good I like it,new version good like,"['new', 'version', 'good', 'like']",5,2025-08-13,Dashen Bank,0.7593,positive,positive,0.9998716115951538,1,Other
e63aa85d-85a4-46d0-9b4e-b3048c3c0c02,good job my dashen super app,good job super,"['good', 'job', 'super']",5,2025-08-12,Dashen Bank,0.7783,positive,positive,0.9996693134307861,1,Other
f3a2435b-8838-4f8a-bdf3-0680c781910e,Some connection issues,connection issue,"['connection', 'issue']",3,2025-08-12,Dashen Bank,0.0,neutral,negative,0.9717355370521545,-1,Other
50d7c55a-ebec-487d-ba90-f2f0b4157985,verry slow app 🤢,verry slow,"['verry', 'slow']",1,2025-08-12,Dashen Bank,0.0,neutral,negative,0.9986931681632996,-1,Transaction Performance
529e9d57-e66b-47b4-b192-84ad4e0fb926,best bauget app,best bauget,"['best', 'bauget']",5,2025-08-12,Dashen Bank,0.6369,positive,positive,0.998792290687561,1,Other
540df881-caea-49cb-b1df-36bfa72431fe,its good but he said uptede me 😠🤕,good said uptede,"['good', 'said', 'uptede']",2,2025-08-12,Dashen Bank,0.2382,positive,positive,0.9973610043525696,1,Other
a836f1cf-7d6f-4fd7-95bc-51e98e4c1fc5,network issue,network issue,"['network', 'issue']",1,2025-08-12,Dashen Bank,0.0,neutral,negative,0.9874956011772156,-1,Other
3d68acad-fda9-4d1f-9005-cca2a0c612f6,fast and easy to use great App.,fast easy use great,"['fast', 'easy', 'use', 'great']",5,2025-08-12,Dashen Bank,0.7906,positive,positive,0.9997286200523376,1,Other
e30a316a-b1c9-4c1a-b8f1-c1e296d82cb5,Best Performing and Fast Financial app,best performing fast financial,"['best', 'performing', 'fast', 'financial']",5,2025-08-12,Dashen Bank,0.6369,positive,positive,0.9997550845146179,1,Other
70a02f56-e75d-448d-b71c-7afbd1eba779,well done keep it up,well done keep,"['well', 'done', 'keep']",5,2025-08-12,Dashen Bank,0.2732,positive,positive,0.9996840953826904,1,Other
15e7f782-ce40-4927-a035-f0f73b2b5631,good but it takes forever to load,good take forever load,"['good', 'take', 'forever', 'load']",3,2025-08-12,Dashen Bank,0.2382,positive,negative,0.9274642467498779,-1,Other
ceb1f402-8c82-477a-bf14-1476bc359e7d,"It's very good, but there are some things that need to be improved by (speed & receipt view) to be competitive with the companies in the country, i.e.cbe&telebirr.",good thing need improved speed receipt view competitive company country iecbetelebirr,"['good', 'thing', 'need', 'improved', 'speed', 'receipt', 'view', 'competitive', 'company', 'country', 'iecbetelebirr']",4,2025-08-12,Dashen Bank,0.8072,positive,negative,0.8449758887290955,-1,Other
a6f71299-f3de-4b27-87ea-439b907310ed,my favorite 💗💗💗,favorite,['favorite'],5,2025-08-11,Dashen Bank,0.4588,positive,positive,0.9974082112312317,1,Other
da386798-3db3-4e83-96b1-1444618f9e9b,Good app,good,['good'],5,2025-08-11,Dashen Bank,0.4404,positive,positive,0.9998493194580078,1,Other
baa88e99-cfcf-4593-98f6-4442a8dbdb59,"This is boring Mobile banking app, it is not work properly .so slow!",boring mobile banking work properly slow,"['boring', 'mobile', 'banking', 'work', 'properly', 'slow']",1,2025-08-11,Dashen Bank,-0.3802,negative,negative,0.9998206496238708,-1,Transaction Performance
5ccebb40-4078-4fa4-9e80-6dd813fd4cc9,"improve the app, please. it is not working. It says response timeout",improve please working say response timeout,"['improve', 'please', 'working', 'say', 'response', 'timeout']",1,2025-08-10,Dashen Bank,0.6369,positive,negative,0.9996850490570068,-1,"Customer Support, Transaction Performance"
9cdf7073-238a-4e6e-bbd7-c3fae6b153c0,modern perfect app interface with the best banking tools 👏,modern perfect interface best banking tool,"['modern', 'perfect', 'interface', 'best', 'banking', 'tool']",5,2025-08-09,Dashen Bank,0.836,positive,positive,0.9996292591094971,1,UI / UX
43612140-e7b5-43b7-9b04-4247bb2f8d37,when i tried to open the app it re-downloading something big 3GB 4GB size and after 3 hours late it will open. it's my experience Very worst app it isn't lite app not works in every situation of networks.,tried open redownloading something big gb gb size hour late open experience worst isnt lite work every situation network,"['tried', 'open', 'redownloading', 'something', 'big', 'gb', 'gb', 'size', 'hour', 'late', 'open', 'experience', 'worst', 'isnt', 'lite', 'work', 'every', 'situation', 'network']",1,2025-08-08,Dashen Bank,-0.659,negative,negative,0.9994574189186096,-1,Transaction Performance
d06a71b2-105b-44fd-a21b-6c23fe7957e6,"poor, glitch stack",poor glitch stack,"['poor', 'glitch', 'stack']",1,2025-08-07,Dashen Bank,-0.4767,negative,negative,0.9998161196708679,-1,Other
1fe734ce-edc7-43ea-af25-4f0dd9ef09ea,slowest banking app ever used,slowest banking ever used,"['slowest', 'banking', 'ever', 'used']",3,2025-08-07,Dashen Bank,0.0,neutral,negative,0.998941957950592,-1,Transaction Performance
48bc5aef-c79b-4722-bbd7-51db5386cb3f,Good 👍,good,['good'],5,2025-08-05,Dashen Bank,0.4404,positive,positive,0.9998576641082764,1,Other
f20f3b43-9df9-4149-b656-dae1b4bbde38,Dashen Bank super app is the best app,super best,"['super', 'best']",5,2025-08-05,Dashen Bank,0.8442,positive,positive,0.9998195767402649,1,Other
8855d0d8-19db-4113-b1fa-89731f0ed033,would most likely rate it even less but it does have it's perks. But for the most part the whole app is filled with bugs and it stops being responsive almost everytime. Besides some new features and the new UI design I most definitely prefer the old amole Version. either fix this mess or bring back Amole,would likely rate even less perk part whole filled bug stop responsive almost everytime besides new feature new ui design definitely prefer old amole version either fix mess bring back amole,"['would', 'likely', 'rate', 'even', 'less', 'perk', 'part', 'whole', 'filled', 'bug', 'stop', 'responsive', 'almost', 'everytime', 'besides', 'new', 'feature', 'new', 'ui', 'design', 'definitely', 'prefer', 'old', 'amole', 'version', 'either', 'fix', 'mess', 'bring', 'back', 'amole']",2,2025-08-01,Dashen Bank,0.3668,positive,negative,0.9994837045669556,-1,"Crashes & Bugs, Feature Requests, UI / UX"
2097ddd0-1596-48a5-8c9c-5981d82c9ac2,sometimes is not working to be honest,sometimes working honest,"['sometimes', 'working', 'honest']",1,2025-08-01,Dashen Bank,0.5106,positive,negative,0.9997746348381042,-1,Other
ac9acf91-3777-4db6-8c23-3bd90cb9c83c,Why isn't this app working?,isnt working,"['isnt', 'working']",5,2025-07-29,Dashen Bank,0.0,neutral,negative,0.9989972710609436,-1,Other
c0220fe4-74a4-4df9-9f70-bf480df83a54,network error,network error,"['network', 'error']",5,2025-07-29,Dashen Bank,-0.4019,negative,negative,0.9996863603591919,-1,Crashes & Bugs
6f109a8e-e814-46fd-aa22-b74188bfae83,fast,fast,['fast'],5,2025-07-29,Dashen Bank,0.0,neutral,positive,0.9989494681358337,1,Other
a3673985-236a-4153-84a7-22a1afba3d36,100 good,good,['good'],5,2025-07-29,Dashen Bank,0.4404,positive,positive,0.999860405921936,1,Other
b003eaa2-fe35-476d-8d5b-e2913964f526,It stop working most of the time.,stop working time,"['stop', 'working', 'time']",2,2025-07-28,Dashen Bank,-0.296,negative,negative,0.999619722366333,-1,Other
60a60f54-fce3-4678-b2a6-123c0d0a160e,i were smothely using the app for the last 5 month but somehow its not working to now so what shall i do it becames like i can open the app even i can't open it if u have solution's pls help me kindly tnx,smothely using last month somehow working shall becames like open even cant open u solution pls help kindly tnx,"['smothely', 'using', 'last', 'month', 'somehow', 'working', 'shall', 'becames', 'like', 'open', 'even', 'cant', 'open', 'u', 'solution', 'pls', 'help', 'kindly', 'tnx']",1,2025-07-28,Dashen Bank,0.9349,positive,negative,0.9924798011779785,-1,Customer Support
fa1192aa-8085-468e-838c-f70320b5a622,Best app,best,['best'],5,2025-07-25,Dashen Bank,0.6369,positive,positive,0.999686598777771,1,Other
77cbc374-82f2-49c1-9780-d78770150ce6,"Simple for usage and well designed, attractive in its visual design, ""Always One Step Ahead""",simple usage well designed attractive visual design always one step ahead,"['simple', 'usage', 'well', 'designed', 'attractive', 'visual', 'design', 'always', 'one', 'step', 'ahead']",5,2025-07-24,Dashen Bank,0.6124,positive,positive,0.9998588562011719,1,UI / UX
1061e323-6ab2-4260-bff1-eda458d2ee72,amazing product,amazing product,"['amazing', 'product']",5,2025-07-23,Dashen Bank,0.5859,positive,positive,0.9998769760131836,1,Other
72dd0a8a-9d0e-42e8-8509-304b330f0177,"this app is not good and compatible with other Ethiopian bank apps, it is not fast, is stacks sometimes ,even some days it stops working at all.",good compatible ethiopian apps fast stack sometimes even day stop working,"['good', 'compatible', 'ethiopian', 'apps', 'fast', 'stack', 'sometimes', 'even', 'day', 'stop', 'working']",1,2025-07-23,Dashen Bank,-0.4599,negative,negative,0.9994491934776306,-1,Other
842db1e6-54dd-4f30-8a5f-429ffbe3daa8,like it,like,['like'],5,2025-07-22,Dashen Bank,0.3612,positive,positive,0.9997184872627258,1,Other
c1e53073-4361-4972-a6ad-1229b70ee90e,Great always one step ahead and most reliable bank,great always one step ahead reliable,"['great', 'always', 'one', 'step', 'ahead', 'reliable']",5,2025-07-22,Dashen Bank,0.6249,positive,positive,0.9998666048049927,1,Other
e0842cfa-5bbb-4aba-85dd-6acce3218f5a,u need to start cash out service,u need start cash service,"['u', 'need', 'start', 'cash', 'service']",4,2025-07-22,Dashen Bank,0.0,neutral,negative,0.9963886737823486,-1,Customer Support
7c796f6e-2c5e-4fc3-9877-9d6d6055e354,all in one super app,one super,"['one', 'super']",5,2025-07-21,Dashen Bank,0.5994,positive,positive,0.736154317855835,1,Other
bf88bf92-4840-417a-a9df-82dfc73d20f5,Fayla,fayla,['fayla'],5,2025-07-20,Dashen Bank,0.0,neutral,positive,0.9678626656532288,1,Other
ac66af69-7294-4963-b8f6-132b03778671,"The app even in its' first phase is too far one step booster that enables a user to perform a seamless Banking service with multi step security features at his/her comfort zone. It really assured that Dashen Bank is living the Logo ""ALWAYS ONE STEP AHEAD""",even first phase far one step booster enables user perform seamless banking service multi step security feature hisher comfort zone really assured living logo always one step ahead,"['even', 'first', 'phase', 'far', 'one', 'step', 'booster', 'enables', 'user', 'perform', 'seamless', 'banking', 'service', 'multi', 'step', 'security', 'feature', 'hisher', 'comfort', 'zone', 'really', 'assured', 'living', 'logo', 'always', 'one', 'step', 'ahead']",5,2025-07-20,Dashen Bank,0.7713,positive,positive,0.9944331049919128,1,"Customer Support, Feature Requests, Security & Fraud"
8f19bff6-92a5-479c-b2c5-0a4d3a150093,"Best App .. Good job, Dashen Bank",best good job,"['best', 'good', 'job']",5,2025-07-16,Dashen Bank,0.7964,positive,positive,0.9998065829277039,1,Other
d873516b-c682-44b6-8f2c-b80667b969f5,good application,good application,"['good', 'application']",5,2025-07-15,Dashen Bank,0.4404,positive,positive,0.999854564666748,1,Other
6373e57b-b5af-4ede-8af7-09d4be752a57,Excellent App ...,excellent,['excellent'],5,2025-07-15,Dashen Bank,0.5719,positive,positive,0.9998494386672974,1,Other
0755d1bd-710e-4c3e-aced-9f51a8ef2798,the worst app I have ever seen,worst ever seen,"['worst', 'ever', 'seen']",1,2025-07-14,Dashen Bank,-0.6249,negative,negative,0.999790370464325,-1,Other
203bd4d9-feda-4edd-b09b-40bc36bb84d8,very good compared to Amole!,good compared amole,"['good', 'compared', 'amole']",5,2025-07-13,Dashen Bank,0.54,positive,positive,0.9998546838760376,1,Other
815e6358-3c4f-412a-bcc0-d3cb4c568fa4,"while it's very secure, it is very slower than other mobile banking apps. it is very lazy app!",secure slower mobile banking apps lazy,"['secure', 'slower', 'mobile', 'banking', 'apps', 'lazy']",2,2025-07-12,Dashen Bank,-0.1007,negative,negative,0.9996408224105835,-1,"Security & Fraud, Transaction Performance"
92ae7564-4afb-4f5b-8f3c-5c4a2d22ac64,Great application,great application,"['great', 'application']",5,2025-07-12,Dashen Bank,0.6249,positive,positive,0.9998588562011719,1,Other
732c15a8-5b37-4e93-a446-42689b1604f5,I am entreated app.,entreated,['entreated'],5,2025-07-09,Dashen Bank,0.0,neutral,negative,0.9199567437171936,-1,Other
31a7cae7-e838-4e64-bd2d-aeca8ff27d38,Cannot list the number of bugs with this pile of human waste. The absolute worst banking app I have ever used. 50 steps backwards. DO NOT RECOMMEND.,list number bug pile human waste absolute worst banking ever used step backwards recommend,"['list', 'number', 'bug', 'pile', 'human', 'waste', 'absolute', 'worst', 'banking', 'ever', 'used', 'step', 'backwards', 'recommend']",1,2025-07-02,Dashen Bank,-0.8681,negative,negative,0.9998127818107605,-1,Crashes & Bugs
e57361d3-fa19-484c-869e-02d738a5280b,best app with best bank,best best,"['best', 'best']",5,2025-07-02,Dashen Bank,0.8555,positive,positive,0.9995883107185364,1,Other
bc906d9b-9f75-4dae-a5bf-c5e2a17e8a6e,alway slow loading,alway slow loading,"['alway', 'slow', 'loading']",1,2025-06-30,Dashen Bank,0.0,neutral,negative,0.9991027116775513,-1,Transaction Performance
49a94407-511c-4ae6-9446-d027a00f5e8a,"worst app ever and by any chance your account is deactivated, you are doomed",worst ever chance account deactivated doomed,"['worst', 'ever', 'chance', 'account', 'deactivated', 'doomed']",1,2025-06-27,Dashen Bank,-0.8074,negative,negative,0.9998034834861755,-1,Other
6c3fd32c-9684-43bd-b270-c31094d7999a,Ethiopian amazing`s Dashen Bank🤝👌,ethiopian amazings,"['ethiopian', 'amazings']",3,2025-06-25,Dashen Bank,0.0,neutral,positive,0.9997710585594177,1,Other
f8147000-27b4-418b-af0c-49cd8e39e40e,"It's an unpredictable app, I can't make transactions, and now I can't even get the OTP! So it's going from bad to worse! Thank goodness the Amole Dashen app still exists.",unpredictable cant make transaction cant even get otp going bad worse thank goodness amole still exists,"['unpredictable', 'cant', 'make', 'transaction', 'cant', 'even', 'get', 'otp', 'going', 'bad', 'worse', 'thank', 'goodness', 'amole', 'still', 'exists']",1,2025-06-25,Dashen Bank,-0.3987,negative,negative,0.998045802116394,-1,Account Access
e5b31222-e583-4bf1-8079-67cf753b0504,nice app but limit up to max 600000,nice limit max,"['nice', 'limit', 'max']",5,2025-06-24,Dashen Bank,0.2263,positive,neutral,0.5572335124015808,0,Other
296717a7-3fb9-404c-996d-186c803d3770,Super,super,['super'],5,2025-06-21,Dashen Bank,0.5994,positive,positive,0.998783528804779,1,Other
1e00ecba-4f0d-496c-98f2-5b356f05f356,"I would be happy if I got a withdraw system in the application. Otherwise, everything is fine for me",would happy got withdraw system application otherwise everything fine,"['would', 'happy', 'got', 'withdraw', 'system', 'application', 'otherwise', 'everything', 'fine']",4,2025-06-18,Dashen Bank,0.6705,positive,positive,0.9981334805488586,1,Payments & Cards
d681817c-c55c-498e-b918-531e5633a32c,nice app but transaction limet not enough,nice transaction limet enough,"['nice', 'transaction', 'limet', 'enough']",5,2025-06-17,Dashen Bank,0.2263,positive,negative,0.9785791039466858,-1,Other
6eede71d-d47c-4b19-8059-67f8de75da64,"It's an amazing application to use bank transactions in Ethiopia and it's so friendly btw, but need to ck that account link when we lost our mobile it's ver difficult to link up for the next one pls ck",amazing application use transaction ethiopia friendly btw need ck account link lost mobile ver difficult link next one pls ck,"['amazing', 'application', 'use', 'transaction', 'ethiopia', 'friendly', 'btw', 'need', 'ck', 'account', 'link', 'lost', 'mobile', 'ver', 'difficult', 'link', 'next', 'one', 'pls', 'ck']",5,2025-06-14,Dashen Bank,-0.2003,negative,negative,0.9935082197189331,-1,Other
69e4a894-f54e-445c-bea3-815aee1e13b6,incredible,incredible,['incredible'],5,2025-06-14,Dashen Bank,0.0,neutral,positive,0.9998753070831299,1,Other
8884bd0e-7d44-4531-9bd2-9bae7286daa8,Dashen Bank My Choice🇪🇹✌️💫,choice,['choice'],4,2025-06-13,Dashen Bank,0.0,neutral,negative,0.8349119424819946,-1,Other
d3dad0ad-6501-4d03-b2cf-2bd06fadb41a,very simple and user friendly app Thank you Dashen Bank,simple user friendly thank,"['simple', 'user', 'friendly', 'thank']",5,2025-06-12,Dashen Bank,0.6908,positive,positive,0.9996474981307983,1,UI / UX
a16adc73-80b5-48f5-bf4e-09c6272507b2,very good .,good,['good'],5,2025-06-09,Dashen Bank,0.4927,positive,positive,0.9998475313186646,1,Other
6ab16d21-d2c8-4235-9c48-ff713bfde731,I like this mobile banking app very much. Overall user interface and navigation is awesome. But it lacks instant response when someone deposit or withdraw money.,like mobile banking much overall user interface navigation awesome lack instant response someone deposit withdraw money,"['like', 'mobile', 'banking', 'much', 'overall', 'user', 'interface', 'navigation', 'awesome', 'lack', 'instant', 'response', 'someone', 'deposit', 'withdraw', 'money']",2,2025-06-07,Dashen Bank,0.5106,positive,negative,0.9904449582099915,-1,"Customer Support, Payments & Cards, UI / UX"
22818807-3368-446c-8a3b-d3ca2e07a2d8,love,love,['love'],3,2025-06-06,Dashen Bank,0.6369,positive,positive,0.9998735189437866,1,Other
7db66b6a-a044-43f1-a7ad-ea8a10815548,gadaa,gadaa,['gadaa'],5,2025-06-01,Dashen Bank,0.0,neutral,negative,0.7211458683013916,-1,Other
caf4a80c-85db-4b49-ab9c-a0b55e152317,Massive upgrade from the Amole app.,massive upgrade amole,"['massive', 'upgrade', 'amole']",5,2025-05-31,Dashen Bank,0.0,neutral,positive,0.9646419882774353,1,Other
c25b35d2-35dd-4347-a520-99471d7b1066,very good for this app,good,['good'],5,2025-05-31,Dashen Bank,0.4927,positive,positive,0.9998138546943665,1,Other
5ced40d8-1074-421d-b6e6-be9e12e8b6bd,top,top,['top'],5,2025-05-31,Dashen Bank,0.2023,positive,positive,0.9997069239616394,1,Other
5e6ff839-abc2-4b30-a8b4-e0f331da29d1,this app better than Amole . but the biometric on new update doesn't work,better amole biometric new update doesnt work,"['better', 'amole', 'biometric', 'new', 'update', 'doesnt', 'work']",4,2025-05-31,Dashen Bank,0.2382,positive,negative,0.999607503414154,-1,Feature Requests
40c6e51b-c1bb-4bb0-af7c-89a43ffbdc90,Wow,wow,['wow'],5,2025-05-30,Dashen Bank,0.5859,positive,positive,0.999592125415802,1,Other
486d7550-98dd-4b9d-849d-e3f3fbf7c1ed,wow to it saff and this app,wow saff,"['wow', 'saff']",5,2025-05-30,Dashen Bank,0.5859,positive,positive,0.9985712766647339,1,Other
be9a4e52-ed77-4953-9e52-17927dd7e138,it too slow,slow,['slow'],3,2025-05-29,Dashen Bank,0.0,neutral,negative,0.9996801614761353,-1,Transaction Performance
4a9c5167-439a-4c99-a6d4-ad143b13bcd8,nice application,nice application,"['nice', 'application']",5,2025-05-27,Dashen Bank,0.4215,positive,positive,0.9998229146003723,1,Other
115f7455-45c0-483c-b690-0e83dada584b,useless app ever loading take long,useless ever loading take long,"['useless', 'ever', 'loading', 'take', 'long']",1,2025-05-27,Dashen Bank,-0.4215,negative,negative,0.9997350573539734,-1,Transaction Performance
b2962d2d-86b8-43a5-ab14-d9d37ad03165,"Game changer app! Dashen Bank Super App is fast, secure, and easy to use. The three-click payment makes sending money super quick, and the QR code payment is perfect for cashless shopping. I also love the biometric login and easy airtime and bill payments. Everything I need is in one place. Dashen Bank has really raised the bar for digital banking in Ethiopia. Highly recommended!",game changer super fast secure easy use threeclick payment make sending money super quick qr code payment perfect cashless shopping also love biometric login easy airtime bill payment everything need one place really raised bar digital banking ethiopia highly recommended,"['game', 'changer', 'super', 'fast', 'secure', 'easy', 'use', 'threeclick', 'payment', 'make', 'sending', 'money', 'super', 'quick', 'qr', 'code', 'payment', 'perfect', 'cashless', 'shopping', 'also', 'love', 'biometric', 'login', 'easy', 'airtime', 'bill', 'payment', 'everything', 'need', 'one', 'place', 'really', 'raised', 'bar', 'digital', 'banking', 'ethiopia', 'highly', 'recommended']",5,2025-05-26,Dashen Bank,0.979,positive,positive,0.999617338180542,1,"Account Access, Feature Requests, Payments & Cards, Security & Fraud, UI / UX"
37afb22a-56f0-429c-9bab-41e39e524f29,very useful App,useful,['useful'],1,2025-05-26,Dashen Bank,0.4927,positive,positive,0.9995785355567932,1,Other
aa332503-7097-479d-89d9-6b762bb9e814,"Simple, robust features? Yes, please! But the endless loading screen killed the fun—I couldn’t use it for days. Fix the glitch, and I’ll yeet a higher rating!",simple robust feature yes please endless loading screen killed use day fix glitch yeet higher rating,"['simple', 'robust', 'feature', 'yes', 'please', 'endless', 'loading', 'screen', 'killed', 'use', 'day', 'fix', 'glitch', 'yeet', 'higher', 'rating']",2,2025-05-26,Dashen Bank,-0.6842,negative,negative,0.8351495862007141,-1,"Feature Requests, Transaction Performance, UI / UX"
a2a494de-d576-48dc-b67e-04fe79ec47b2,Wawww,wawww,['wawww'],5,2025-05-24,Dashen Bank,0.0,neutral,negative,0.9418038129806519,-1,Other
e2c02e65-3be7-46e0-9cbc-7d4295bee6f7,very Nice,nice,['nice'],5,2025-05-23,Dashen Bank,0.4754,positive,positive,0.9998563528060913,1,Other
eb8a2948-44de-4f81-ac9f-b73840619f7f,its best,best,['best'],5,2025-05-23,Dashen Bank,0.6369,positive,positive,0.9998121857643127,1,Other
9a583630-4540-44cb-8488-cf58211da392,it is not as good as to the other mobile bank app.,good mobile,"['good', 'mobile']",1,2025-05-22,Dashen Bank,-0.3412,negative,negative,0.999786913394928,-1,Other
bb72bc30-a3bb-468f-ad15-1ca88c7897ae,"The best of best is now arrived **Empowering Your Financial Freedom** ""Experience seamless banking at your fingertips with Dashen Bank. Empowering your financial freedom, anytime, anywhere!"" **Innovation Meets Convenience** ""Dashen Bank Mobile Banking: Where innovation meets convenience. **Secure and Reliable** ""Bank with confidence",best best arrived empowering financial freedom experience seamless banking fingertip empowering financial freedom anytime anywhere innovation meet convenience mobile banking innovation meet convenience secure reliable confidence,"['best', 'best', 'arrived', 'empowering', 'financial', 'freedom', 'experience', 'seamless', 'banking', 'fingertip', 'empowering', 'financial', 'freedom', 'anytime', 'anywhere', 'innovation', 'meet', 'convenience', 'mobile', 'banking', 'innovation', 'meet', 'convenience', 'secure', 'reliable', 'confidence']",5,2025-05-22,Dashen Bank,0.9628,positive,positive,0.9996517896652222,1,Security & Fraud
c8a76cee-dbcc-491e-9aa0-0f8fa423ee1a,Nothing is changed in the updated version. You have been collecting comments but where is the feed back you improved in this version. superapp is mot functioning today.,nothing changed updated version collecting comment feed back improved version superapp mot functioning today,"['nothing', 'changed', 'updated', 'version', 'collecting', 'comment', 'feed', 'back', 'improved', 'version', 'superapp', 'mot', 'functioning', 'today']",4,2025-05-20,Dashen Bank,0.631,positive,negative,0.9939862489700317,-1,Feature Requests
a36489c7-0091-4e07-897f-78168bcb64b4,The best app ever in finance sector,best ever finance sector,"['best', 'ever', 'finance', 'sector']",5,2025-05-18,Dashen Bank,0.6369,positive,positive,0.9998089671134949,1,Other
29d8b281-c802-4996-8dc3-eb99d78a43ed,Its good app than other compitators but it confuse when we transfer it needs OTP and PIN most user inter their pin instead of OTP we know the litrecy level of our society so if it is device based i dont know the needs of OTP so please try to fix,good compitators confuse transfer need otp pin user inter pin instead otp know litrecy level society device based dont know need otp please try fix,"['good', 'compitators', 'confuse', 'transfer', 'need', 'otp', 'pin', 'user', 'inter', 'pin', 'instead', 'otp', 'know', 'litrecy', 'level', 'society', 'device', 'based', 'dont', 'know', 'need', 'otp', 'please', 'try', 'fix']",3,2025-05-18,Dashen Bank,0.5554,positive,negative,0.9983357787132263,-1,"Account Access, Transaction Performance"
8ab908fa-9eb8-4b9a-9f76-707e01b53848,dashen bank or dashen super app?,super,['super'],1,2025-05-17,Dashen Bank,0.5994,positive,negative,0.9937525391578674,-1,Other
d3ab193b-503c-4530-8148-cf50387c8b26,wowwwe app,wo,['wo'],5,2025-05-17,Dashen Bank,0.0,neutral,positive,0.9829692840576172,1,Other
85c0cebd-10ec-4dd1-9e5b-647b9012acf4,"Transferring to other bank accounts is a hastle and inconvenient .Get used to seeing "" please try again """,transferring account hastle inconvenient get used seeing please try,"['transferring', 'account', 'hastle', 'inconvenient', 'get', 'used', 'seeing', 'please', 'try']",2,2025-05-17,Dashen Bank,-0.0258,neutral,negative,0.9994332194328308,-1,Transaction Performance
1d4a769a-320a-4f19-a945-44c214f880ae,always lagging,always lagging,"['always', 'lagging']",1,2025-05-16,Dashen Bank,-0.2732,negative,negative,0.9998013377189636,-1,Transaction Performance
862138db-f7c6-4c78-bb5d-e28619cdb514,Amazing Application...,amazing application,"['amazing', 'application']",5,2025-05-16,Dashen Bank,0.5859,positive,positive,0.9998786449432373,1,Other
a3e55437-92a6-4f5f-a9d5-45e561a077b0,Fantastic,fantastic,['fantastic'],5,2025-05-16,Dashen Bank,0.5574,positive,positive,0.9998743534088135,1,Other
d8ab69ab-7277-493d-a2d5-0db4fd48635c,"Dashen bank app is very good, but sometimes it is not working well",good sometimes working well,"['good', 'sometimes', 'working', 'well']",5,2025-05-15,Dashen Bank,-0.0321,neutral,negative,0.9976341724395752,-1,Other
499d89e8-8b7e-4641-b477-29ab5a5d314a,its my choice,choice,['choice'],5,2025-05-15,Dashen Bank,0.0,neutral,positive,0.9962010979652405,1,Other
37daf582-3061-44eb-9685-2bcf106833ec,wow apo,wow apo,"['wow', 'apo']",5,2025-05-15,Dashen Bank,0.5859,positive,positive,0.9994785189628601,1,Other
f14bbcf2-d3c7-4eb9-bf61-b8be931c023f,awesome app keep going,awesome keep going,"['awesome', 'keep', 'going']",5,2025-05-14,Dashen Bank,0.6249,positive,positive,0.9998502731323242,1,Other
39322571-d8e5-42c6-8c9c-9f31706d5e4f,"It grows ethiopian digital banking step ahead.All fetures in one,simple fast and convince.",grows ethiopian digital banking step aheadall fetures onesimple fast convince,"['grows', 'ethiopian', 'digital', 'banking', 'step', 'aheadall', 'fetures', 'onesimple', 'fast', 'convince']",5,2025-05-14,Dashen Bank,0.25,positive,positive,0.9992207288742065,1,Other
7106eec4-cb60-4cf3-8f3b-fe5b0bfb400d,Game changer,game changer,"['game', 'changer']",5,2025-05-13,Dashen Bank,0.0,neutral,positive,0.9887570738792419,1,Other
b34cbb10-24ea-4091-93b3-41cd5f5506ec,Totally amazing,totally amazing,"['totally', 'amazing']",5,2025-05-13,Dashen Bank,0.624,positive,positive,0.9998782873153687,1,Other
9de192e3-daa5-40ec-a906-8969b560f171,super 😎,super,['super'],5,2025-05-13,Dashen Bank,0.5994,positive,positive,0.9331684112548828,1,Other
a1414451-a015-4553-a023-e2f4c2d8cfb9,what a helpful app!!!!,helpful,['helpful'],5,2025-05-13,Dashen Bank,0.6083,positive,positive,0.9990901947021484,1,Customer Support
d61a5b09-39d5-4502-b270-15c6ad04f19c,"To be honest, best banking and lifestyle app in Ethiopia.",honest best banking lifestyle ethiopia,"['honest', 'best', 'banking', 'lifestyle', 'ethiopia']",5,2025-05-12,Dashen Bank,0.8176,positive,positive,0.9997262358665466,1,Other
c3afc51f-9e2b-4b3d-b155-0339a9ce0f20,"A must have, seamless, all in one digital platform ""DB Superapp""! Keep living your motto ""Always one step ahead""",must seamless one digital platform db superapp keep living motto always one step ahead,"['must', 'seamless', 'one', 'digital', 'platform', 'db', 'superapp', 'keep', 'living', 'motto', 'always', 'one', 'step', 'ahead']",5,2025-05-12,Dashen Bank,0.0,neutral,positive,0.9966461062431335,1,Other
e1c1214a-8bc1-45db-bc49-3d51dddc6b88,Amazing app super easy to use and best design. loved it.,amazing super easy use best design loved,"['amazing', 'super', 'easy', 'use', 'best', 'design', 'loved']",5,2025-05-09,Dashen Bank,0.9623,positive,positive,0.9998630285263062,1,UI / UX
8d1d472b-2bae-4749-b089-5632108ade02,its the best ever,best ever,"['best', 'ever']",5,2025-05-09,Dashen Bank,0.6369,positive,positive,0.9998552799224854,1,Other
f2852962-b983-44af-b296-241a3373477f,excellent game changer App,excellent game changer,"['excellent', 'game', 'changer']",5,2025-05-08,Dashen Bank,0.5719,positive,positive,0.9998358488082886,1,Other
62102c1c-85b0-4965-b033-063c67ac9129,I am highly excited by using this application and it is the most favorable as well as preferrable mobile app.,highly excited using application favorable well preferrable mobile,"['highly', 'excited', 'using', 'application', 'favorable', 'well', 'preferrable', 'mobile']",5,2025-05-03,Dashen Bank,0.8151,positive,positive,0.9995176792144775,1,Other
f4d24779-931e-4cfd-a622-92dfcb654d3d,it seems me logging out within minutes,seems logging within minute,"['seems', 'logging', 'within', 'minute']",1,2025-05-03,Dashen Bank,0.0,neutral,negative,0.9982207417488098,-1,Other
157b5f87-506e-46dc-b89b-179653dbd957,nice app especially GUI and I have got some error when you send within dashen bank the receipter is not get SMS notification,nice especially gui got error send within receipter get sm notification,"['nice', 'especially', 'gui', 'got', 'error', 'send', 'within', 'receipter', 'get', 'sm', 'notification']",4,2025-05-03,Dashen Bank,0.0258,neutral,negative,0.9857989549636841,-1,"Crashes & Bugs, UI / UX"
4e018789-e27b-4b7c-b1d4-f79dd0affa68,yes i want dashen super open,yes want super open,"['yes', 'want', 'super', 'open']",5,2025-05-02,Dashen Bank,0.7845,positive,positive,0.9994350075721741,1,Other
